O43747	GO:0030117	1.0
O43747	GO:0006886	1.0
O43747	GO:0030121	1.0
O43747	GO:0005794	1.0
O43747	GO:0016192	1.0
Q969H0	GO:0005515	1.0
Q9JMA2	GO:0006400	1.0
Q9JMA2	GO:0101030	1.0
Q9JMA2	GO:0008479	1.0
Q9JMA2	GO:0016763	1.0
P18065	GO:0005520	1.0
P18065	GO:0005576	1.0
A0A8I6AN32	GO:0003674	1.0
A0A8I6AN32	GO:0008150	1.0
A0A8I6AN32	GO:0005575	1.0
Q86TL0	GO:0019786	1.0
P50082	GO:1904668	1.0
P50082	GO:0010997	1.0
P50082	GO:0005515	1.0
P50082	GO:0097027	1.0
P11940	GO:0003676	1.0
P11940	GO:0003723	1.0
Q21360	GO:0005524	1.0
Q21360	GO:0006468	1.0
Q21360	GO:0004672	1.0
P47035	GO:0000183	1.0
P40241	GO:0016020	1.0
Q3KRB8	GO:0007165	1.0
P23977	GO:0005886	1.0
P23977	GO:0005330	1.0
P23977	GO:0006836	1.0
P23977	GO:0016020	1.0
P51531	GO:0005524	1.0
P51531	GO:0006355	1.0
P51531	GO:0005634	1.0
P51531	GO:0042393	1.0
P51531	GO:0005515	1.0
P51531	GO:0140658	1.0
P17971	GO:0006811	1.0
P17971	GO:0008076	1.0
P17971	GO:0005515	1.0
P17971	GO:0051260	1.0
P17971	GO:0016020	1.0
P17971	GO:0005249	1.0
P17971	GO:0006813	1.0
P17971	GO:0005216	1.0
P17971	GO:0055085	1.0
Q9AST8	GO:0015918	1.0
Q9AST8	GO:0032934	1.0
Q9AST8	GO:0032366	1.0
Q4QEX6	GO:0005524	1.0
Q4QEX6	GO:0016301	1.0
P53720	GO:0050660	1.0
P53720	GO:0008033	1.0
P53720	GO:0017150	1.0
Q09702	GO:0003676	1.0
Q09702	GO:0003723	1.0
Q9Z2B5	GO:0005524	1.0
Q9Z2B5	GO:0006468	1.0
Q9Z2B5	GO:0004672	1.0
Q9Z2B5	GO:0005515	1.0
Q93WC9	GO:0003674	1.0
Q93WC9	GO:0008150	1.0
Q93WC9	GO:0005575	1.0
P04201	GO:0007186	1.0
P04201	GO:0004930	1.0
P04201	GO:0016020	1.0
Q41951	GO:0015267	1.0
Q41951	GO:0055085	1.0
Q41951	GO:0016020	1.0
O74135	GO:0005524	1.0
O74135	GO:0006468	1.0
O74135	GO:0004672	1.0
P97838	GO:0023052	1.0
Q06406	GO:0000398	1.0
Q06406	GO:0003723	1.0
P12931	GO:0005524	1.0
P12931	GO:0004713	1.0
P12931	GO:0006468	1.0
P12931	GO:0004672	1.0
P12931	GO:0005515	1.0
Q60644	GO:0006629	1.0
Q60644	GO:0003700	1.0
Q60644	GO:0003677	1.0
Q60644	GO:0006355	1.0
Q60644	GO:0043565	1.0
Q60644	GO:0004879	1.0
Q60644	GO:0008270	1.0
Q92979	GO:0070037	1.0
Q92979	GO:0070475	1.0
P34709	GO:0040021	1.0
P34709	GO:0004888	1.0
P34709	GO:0042001	1.0
G5EBF1	GO:0005515	1.0
Q8TCD5	GO:0008253	1.0
Q8TCD5	GO:0009264	1.0
P20789	GO:0007186	1.0
P20789	GO:0016492	1.0
P20789	GO:0004930	1.0
P20789	GO:0016020	1.0
O13892	GO:0031087	1.0
O13892	GO:0005515	1.0
P26231	GO:0005198	1.0
P26231	GO:0045296	1.0
P26231	GO:0007155	1.0
P26231	GO:0015629	1.0
P26231	GO:0051015	1.0
O00841	GO:0003674	1.0
O00841	GO:0008150	1.0
O00841	GO:0005575	1.0
Q9UJY5	GO:0031267	1.0
Q9UJY5	GO:0005802	1.0
Q9UJY5	GO:0006886	1.0
Q9UJY5	GO:0043130	1.0
Q9UJY5	GO:0035091	1.0
Q9UJY5	GO:0016192	1.0
Q8NHX9	GO:0006811	1.0
Q8NHX9	GO:0005765	1.0
Q8NHX9	GO:0022832	1.0
Q8NHX9	GO:0016020	1.0
Q8NHX9	GO:0005216	1.0
Q8NHX9	GO:0055085	1.0
Q8AWA0	GO:0003700	1.0
Q8AWA0	GO:0003677	1.0
Q8AWA0	GO:0006355	1.0
Q8AWA0	GO:0043565	1.0
P21754	GO:0003674	1.0
P21754	GO:0008150	1.0
P21754	GO:0005575	1.0
Q863H1	GO:0005515	1.0
P0AF28	GO:0000160	1.0
P0AF28	GO:0003677	1.0
P0AF28	GO:0006355	1.0
Q08209	GO:0033192	1.0
Q08209	GO:0016787	1.0
Q08209	GO:0097720	1.0
Q8C8T5	GO:0005096	1.0
Q8C8T5	GO:0005515	1.0
Q9ZVF3	GO:0006952	1.0
Q8H116	GO:0005509	1.0
Q8H116	GO:0004571	1.0
Q8H116	GO:0005975	1.0
Q8H116	GO:0016020	1.0
Q50EX6	GO:0003674	1.0
Q50EX6	GO:0008150	1.0
Q50EX6	GO:0005575	1.0
Q99P99	GO:0004407	1.0
Q99P99	GO:0000122	1.0
Q99P99	GO:0016575	1.0
P50151	GO:0007186	1.0
P50151	GO:0005834	1.0
P50151	GO:0031681	1.0
P48623	GO:0006629	1.0
P48623	GO:0016491	1.0
P48623	GO:0016717	1.0
Q8IEG9	GO:0036211	1.0
Q8IEG9	GO:0009249	1.0
Q9JHE5	GO:0003674	1.0
Q9JHE5	GO:0008150	1.0
Q9JHE5	GO:0005575	1.0
Q16760	GO:0042803	1.0
Q16760	GO:0005515	1.0
Q16760	GO:0007205	1.0
Q16760	GO:0046982	1.0
Q16760	GO:0007165	1.0
Q16760	GO:0004143	1.0
Q16760	GO:0016301	1.0
P63326	GO:0003674	1.0
P63326	GO:0008150	1.0
P63326	GO:0005575	1.0
P14151	GO:0016020	1.0
P14151	GO:0050900	1.0
P14151	GO:0007155	1.0
P07395	GO:0005524	1.0
P07395	GO:0000287	1.0
P07395	GO:0006432	1.0
P07395	GO:0004826	1.0
P07395	GO:0000049	1.0
P07395	GO:0003723	1.0
Q66GT5	GO:0016311	1.0
Q66GT5	GO:0004721	1.0
Q66GT5	GO:0006470	1.0
Q66GT5	GO:0008138	1.0
Q8K1M4	GO:0000977	1.0
Q8K1M4	GO:0005634	1.0
Q8K1M4	GO:0006357	1.0
Q80WG7	GO:0005515	1.0
Q80WG7	GO:0008270	1.0
Q708S3	GO:0005272	1.0
Q708S3	GO:0006814	1.0
Q708S3	GO:0016020	1.0
Q13501	GO:0008270	1.0
Q13501	GO:0005515	1.0
Q15185	GO:0051879	1.0
Q8SZT1	GO:0003700	1.0
Q8SZT1	GO:0006355	1.0
Q8SZT1	GO:0006357	1.0
P41595	GO:0007186	1.0
P41595	GO:0005886	1.0
P41595	GO:0004930	1.0
P41595	GO:0016020	1.0
P41595	GO:0007507	1.0
P41595	GO:0050795	1.0
P41595	GO:0042310	1.0
P41595	GO:0006939	1.0
P41595	GO:0004993	1.0
Q9V877	GO:0005524	1.0
Q9V877	GO:0003777	1.0
Q9V877	GO:0008017	1.0
Q9V877	GO:0007018	1.0
Q6XBJ3	GO:0003677	1.0
Q12196	GO:0005524	1.0
Q12196	GO:0006468	1.0
Q12196	GO:0004672	1.0
Q12196	GO:0004674	1.0
A0A0B4JCV4	GO:0007052	1.0
P42768	GO:0003779	1.0
P42768	GO:0007015	1.0
Q9UHK6	GO:0003824	1.0
Q14118	GO:0005509	1.0
Q14118	GO:0016010	1.0
Q14118	GO:0016020	1.0
Q9QY30	GO:0016887	1.0
Q9QY30	GO:0005524	1.0
Q9QY30	GO:0140359	1.0
Q9QY30	GO:0016020	1.0
Q9QY30	GO:0055085	1.0
P35398	GO:0003700	1.0
P35398	GO:0005634	1.0
P35398	GO:0003677	1.0
P35398	GO:0006355	1.0
P35398	GO:0043565	1.0
P35398	GO:0004879	1.0
P35398	GO:0008270	1.0
P23877	GO:0022857	1.0
P23877	GO:0016020	1.0
P48318	GO:0016830	1.0
P48318	GO:0019752	1.0
P48318	GO:0030170	1.0
P48318	GO:0016831	1.0
Q9SN78	GO:0003674	1.0
Q9SN78	GO:0008150	1.0
Q9SN78	GO:0005575	1.0
Q9I189	GO:0022857	1.0
Q9I189	GO:0015562	1.0
Q9I189	GO:0055085	1.0
Q9I189	GO:0016020	1.0
Q9UBN4	GO:0070588	1.0
Q9UBN4	GO:0006811	1.0
Q9UBN4	GO:0005262	1.0
Q9UBN4	GO:0005515	1.0
Q9UBN4	GO:0005216	1.0
Q9UBN4	GO:0055085	1.0
Q9UBN4	GO:0016020	1.0
O70324	GO:0022857	1.0
O70324	GO:0055085	1.0
A0A0K0LT60	GO:0015267	1.0
A0A0K0LT60	GO:0055085	1.0
A0A0K0LT60	GO:0016020	1.0
P9WMT1	GO:0005525	1.0
P9WMT1	GO:0000166	1.0
P9WMT1	GO:0003924	1.0
P9WMT1	GO:0000287	1.0
A8JQY3	GO:0003674	1.0
A8JQY3	GO:0008150	1.0
A8JQY3	GO:0005575	1.0
O35116	GO:0098609	1.0
O35116	GO:0005515	1.0
P15424	GO:0005524	1.0
P15424	GO:0003676	1.0
Q9EQV9	GO:0004181	1.0
Q9EQV9	GO:0042730	1.0
Q9EQV9	GO:0006508	1.0
Q9EQV9	GO:0008270	1.0
P16235	GO:0007186	1.0
P16235	GO:0016500	1.0
P16235	GO:0004930	1.0
P16235	GO:0004964	1.0
P16235	GO:0016020	1.0
P51677	GO:0007186	1.0
P51677	GO:0006954	1.0
P51677	GO:0006935	1.0
P51677	GO:0004930	1.0
P51677	GO:0004950	1.0
P51677	GO:0016020	1.0
P51677	GO:0016493	1.0
Q86U44	GO:0001510	1.0
Q86U44	GO:0016422	1.0
Q86U44	GO:0005634	1.0
P69348	GO:0006401	1.0
P69348	GO:0004519	1.0
Q06686	GO:0005375	1.0
Q06686	GO:0035434	1.0
Q06686	GO:0016020	1.0
P93157	GO:0005544	1.0
P93157	GO:0005509	1.0
F4HTM3	GO:0009311	1.0
F4HTM3	GO:0005975	1.0
F4HTM3	GO:0004573	1.0
Q9FIW9	GO:0003674	1.0
Q9FIW9	GO:0008150	1.0
Q9FIW9	GO:0005575	1.0
P14668	GO:0005544	1.0
P14668	GO:0005509	1.0
P14668	GO:0050819	1.0
Q8IPV7	GO:0003674	1.0
Q8IPV7	GO:0008150	1.0
Q8IPV7	GO:0005575	1.0
F4JL60	GO:0004605	1.0
F4JL60	GO:0016772	1.0
F4JL60	GO:0016020	1.0
F4JL28	GO:0003682	1.0
Q96P65	GO:0007186	1.0
Q96P65	GO:0004983	1.0
Q96P65	GO:0004930	1.0
Q96P65	GO:0016020	1.0
P12389	GO:0006811	1.0
P12389	GO:0005230	1.0
P12389	GO:0022848	1.0
P12389	GO:0004888	1.0
P12389	GO:0016020	1.0
P12389	GO:0034220	1.0
P12389	GO:0045211	1.0
P12389	GO:0005216	1.0
Q9SRT0	GO:0016567	1.0
Q9SRT0	GO:0004842	1.0
P14678	GO:0003723	1.0
O88833	GO:0004497	1.0
O88833	GO:0016705	1.0
O88833	GO:0005506	1.0
O88833	GO:0020037	1.0
Q13761	GO:0005524	1.0
Q13761	GO:0003700	1.0
Q13761	GO:0005634	1.0
Q13761	GO:0003677	1.0
Q13761	GO:0006355	1.0
P07664	GO:0003674	1.0
P07664	GO:0008150	1.0
P07664	GO:0005575	1.0
Q8WTV0	GO:0016020	1.0
P9WKC7	GO:0016746	1.0
P9WKC7	GO:0008374	1.0
P9WKC7	GO:0004144	1.0
P9WKC7	GO:0045017	1.0
Q7LG56	GO:0016491	1.0
Q7LG56	GO:0009263	1.0
P04276	GO:0005499	1.0
P04276	GO:0005615	1.0
P04276	GO:0051180	1.0
P04276	GO:0090482	1.0
Q12483	GO:0000814	1.0
Q12483	GO:0071985	1.0
Q03555	GO:0032324	1.0
Q03555	GO:0006777	1.0
Q18100	GO:0005515	1.0
P35731	GO:0016491	1.0
P08243	GO:0006529	1.0
P08243	GO:0004066	1.0
Q96H55	GO:0005524	1.0
Q96H55	GO:0003774	1.0
Q96H55	GO:0005515	1.0
Q96H55	GO:0016459	1.0
P32288	GO:0003824	1.0
P32288	GO:0006807	1.0
P32288	GO:0004356	1.0
P32288	GO:0006542	1.0
C9K505	GO:0005524	1.0
C9K505	GO:0008353	1.0
C9K505	GO:0006468	1.0
C9K505	GO:0004672	1.0
C9K505	GO:0005675	1.0
C9K505	GO:0070985	1.0
Q14966	GO:0003676	1.0
Q14966	GO:0005634	1.0
Q14966	GO:0008380	1.0
Q14966	GO:0003723	1.0
Q14966	GO:0008270	1.0
P62829	GO:0005840	1.0
P62829	GO:0006412	1.0
P62829	GO:0003735	1.0
P9WJA1	GO:0050660	1.0
P9WJA1	GO:0016627	1.0
O70477	GO:0003677	1.0
O70477	GO:0006355	1.0
Q18825	GO:0045296	1.0
Q18825	GO:0007155	1.0
Q18825	GO:0005515	1.0
Q62073	GO:0005524	1.0
Q62073	GO:0004672	1.0
Q62073	GO:0007165	1.0
Q62073	GO:0000287	1.0
Q62073	GO:0004709	1.0
Q62073	GO:0006468	1.0
P56677	GO:0004252	1.0
P56677	GO:0005515	1.0
P56677	GO:0006508	1.0
P56677	GO:0016020	1.0
Q15029	GO:0005525	1.0
Q15029	GO:0003924	1.0
P0A9A6	GO:0005525	1.0
P0A9A6	GO:0003924	1.0
Q5YL88	GO:0031151	1.0
Q5YL88	GO:0051726	1.0
Q5YL88	GO:0034729	1.0
P12829	GO:0005509	1.0
Q20992	GO:0005777	1.0
Q20992	GO:0006635	1.0
Q20992	GO:0006631	1.0
Q20992	GO:0003997	1.0
Q20992	GO:0005504	1.0
Q20992	GO:0071949	1.0
Q20992	GO:0033540	1.0
Q20992	GO:0016627	1.0
Q9D2A5	GO:0003700	1.0
Q9D2A5	GO:0006355	1.0
Q62712	GO:0005515	1.0
P43255	GO:0008180	1.0
P43255	GO:0000338	1.0
P43255	GO:0010387	1.0
A0A1D8PJ80	GO:0016787	1.0
A0A1D8PJ80	GO:0004722	1.0
Q9SAI4	GO:0015267	1.0
Q9SAI4	GO:0055085	1.0
Q9SAI4	GO:0016020	1.0
P98172	GO:0048013	1.0
P98172	GO:0046875	1.0
P98172	GO:0016020	1.0
Q61419	GO:0051537	1.0
Q8IRD4	GO:0004602	1.0
Q8IRD4	GO:0006979	1.0
O43586	GO:0005515	1.0
P40073	GO:0005515	1.0
P32178	GO:0009073	1.0
P32178	GO:0046417	1.0
P32178	GO:0004106	1.0
Q679P3	GO:0005515	1.0
P60472	GO:0016765	1.0
P04637	GO:0003700	1.0
P04637	GO:0005634	1.0
P04637	GO:0003677	1.0
P04637	GO:0006355	1.0
P04637	GO:0005515	1.0
P04637	GO:0051262	1.0
P04637	GO:0006915	1.0
P04637	GO:0000976	1.0
Q9QZF2	GO:0062023	1.0
Q9QZF2	GO:0005886	1.0
Q9QZF2	GO:0009966	1.0
Q9UHP3	GO:0004843	1.0
Q9UHP3	GO:0016579	1.0
Q9UHP3	GO:0043161	1.0
Q9UHP3	GO:0005515	1.0
P34949	GO:0009298	1.0
P34949	GO:0004476	1.0
P34949	GO:0005975	1.0
P34949	GO:0008270	1.0
Q9VH98	GO:0005179	1.0
Q9VH98	GO:0005576	1.0
P63280	GO:0003674	1.0
P63280	GO:0008150	1.0
P63280	GO:0005575	1.0
Q9NPD8	GO:0003674	1.0
Q9NPD8	GO:0008150	1.0
Q9NPD8	GO:0005575	1.0
Q14974	GO:0031267	1.0
Q14974	GO:0006886	1.0
Q14974	GO:0005515	1.0
Q14974	GO:0006606	1.0
O95453	GO:0006402	1.0
O95453	GO:0003676	1.0
O95453	GO:0005634	1.0
O95453	GO:0004535	1.0
O95453	GO:0005737	1.0
O95453	GO:0046872	1.0
O95453	GO:0003723	1.0
Q7F4G5	GO:0003700	1.0
Q7F4G5	GO:0003677	1.0
Q7F4G5	GO:0006355	1.0
Q9HBE1	GO:0006355	1.0
Q9HBE1	GO:0005515	1.0
Q9ZNZ7	GO:0016491	1.0
Q9ZNZ7	GO:0006807	1.0
Q9ZNZ7	GO:0016638	1.0
Q9ZNZ7	GO:0015930	1.0
Q9ZNZ7	GO:0006537	1.0
O95255	GO:0016887	1.0
O95255	GO:0005524	1.0
O95255	GO:0140359	1.0
O95255	GO:0016020	1.0
O95255	GO:0022857	1.0
O95255	GO:0055085	1.0
P12544	GO:0006508	1.0
P12544	GO:0004252	1.0
Q5GFL6	GO:0005509	1.0
Q8TC05	GO:0046600	1.0
Q8TC05	GO:0008017	1.0
P22310	GO:0008194	1.0
P02401	GO:0006414	1.0
P02401	GO:0005840	1.0
P02401	GO:0022625	1.0
P02401	GO:0003735	1.0
P02401	GO:0002182	1.0
Q6UB35	GO:0004329	1.0
Q6UB35	GO:0005524	1.0
Q6UB35	GO:0004488	1.0
Q9XIE6	GO:0016887	1.0
Q9XIE6	GO:0005524	1.0
Q9XIE6	GO:0000166	1.0
Q9XIE6	GO:0000287	1.0
Q9XIE6	GO:0016020	1.0
Q9XIE6	GO:0005215	1.0
Q9XIE6	GO:0140326	1.0
Q9XIE6	GO:0015914	1.0
Q96F85	GO:0003674	1.0
Q96F85	GO:0008150	1.0
Q96F85	GO:0005575	1.0
Q04888	GO:0003674	1.0
Q04888	GO:0008150	1.0
Q04888	GO:0005575	1.0
Q92759	GO:0000439	1.0
Q92759	GO:0001671	1.0
Q92759	GO:0006289	1.0
M9NEI4	GO:0005524	1.0
M9NEI4	GO:0006468	1.0
M9NEI4	GO:0004672	1.0
P67778	GO:0016020	1.0
P17751	GO:0006096	1.0
P17751	GO:0004807	1.0
O60264	GO:0005524	1.0
O60264	GO:0003677	1.0
O60264	GO:0005634	1.0
O60264	GO:0140658	1.0
O60264	GO:0031491	1.0
O60264	GO:0006338	1.0
A2A124	GO:0005524	1.0
A2A124	GO:0006468	1.0
A2A124	GO:0004672	1.0
A2A124	GO:0035556	1.0
P49455	GO:0003674	1.0
P49455	GO:0008150	1.0
P49455	GO:0005575	1.0
P17275	GO:0003700	1.0
P17275	GO:0003677	1.0
P17275	GO:0006355	1.0
O54794	GO:0015267	1.0
O54794	GO:0055085	1.0
O54794	GO:0016020	1.0
P38222	GO:0005515	1.0
P0A8P6	GO:0015074	1.0
P0A8P6	GO:0003677	1.0
P0A8P6	GO:0006310	1.0
P0A8P6	GO:0007059	1.0
P0A8P6	GO:0051301	1.0
A0A166U5H3	GO:0008171	1.0
A0A166U5H3	GO:0008168	1.0
A0A166U5H3	GO:0046983	1.0
P36617	GO:0003697	1.0
P36617	GO:0004518	1.0
P36617	GO:0003677	1.0
P36617	GO:0006281	1.0
P36617	GO:0004520	1.0
Q9Z1T4	GO:0005515	1.0
Q9Z1T4	GO:0005737	1.0
Q9Z1T4	GO:0009966	1.0
Q9Z1T4	GO:0016020	1.0
P11172	GO:0006207	1.0
P11172	GO:0004588	1.0
P11172	GO:0044205	1.0
P11172	GO:0006221	1.0
P11172	GO:0004590	1.0
Q5SF96	GO:0003674	1.0
Q5SF96	GO:0008150	1.0
Q5SF96	GO:0005575	1.0
Q94526	GO:0071805	1.0
Q94526	GO:0005267	1.0
Q94526	GO:0016020	1.0
O60241	GO:0007186	1.0
O60241	GO:0016525	1.0
O60241	GO:0005886	1.0
O60241	GO:0004888	1.0
O60241	GO:0004930	1.0
O60241	GO:0007166	1.0
O60241	GO:0016020	1.0
Q8NBA8	GO:0003674	1.0
Q8NBA8	GO:0008150	1.0
Q8NBA8	GO:0005575	1.0
O01767	GO:0004725	1.0
O01767	GO:0006470	1.0
O01767	GO:0016311	1.0
Q9VTY6	GO:0003674	1.0
Q9VTY6	GO:0008150	1.0
Q9VTY6	GO:0005575	1.0
Q59VF4	GO:0006325	1.0
Q59VF4	GO:0005634	1.0
Q59VF4	GO:0016573	1.0
Q59VF4	GO:0004402	1.0
Q59VF4	GO:0031509	1.0
Q59VF4	GO:0042393	1.0
Q9NQI0	GO:0005524	1.0
Q9NQI0	GO:0003676	1.0
Q9NQI0	GO:0003724	1.0
P08539	GO:0007186	1.0
P08539	GO:0031683	1.0
P08539	GO:0005834	1.0
P08539	GO:0003924	1.0
P08539	GO:0007165	1.0
P08539	GO:0005525	1.0
P08539	GO:0019001	1.0
P08539	GO:0001664	1.0
P67775	GO:0016787	1.0
P67775	GO:0004722	1.0
P23409	GO:0007517	1.0
P23409	GO:0046983	1.0
P23409	GO:0006355	1.0
P09951	GO:0008021	1.0
P09951	GO:0007269	1.0
P09951	GO:0005524	1.0
P37001	GO:0003674	1.0
P37001	GO:0008150	1.0
P37001	GO:0005575	1.0
Q95ZZ6	GO:0007275	1.0
Q95ZZ6	GO:0016020	1.0
P26012	GO:0003674	1.0
P26012	GO:0008150	1.0
P26012	GO:0005575	1.0
Q8TE68	GO:0005515	1.0
Q64541	GO:0016887	1.0
Q64541	GO:0005524	1.0
Q64541	GO:0008556	1.0
Q64541	GO:0000166	1.0
Q64541	GO:0016020	1.0
Q64541	GO:0005215	1.0
Q64541	GO:0006813	1.0
Q9NQU5	GO:0005524	1.0
Q9NQU5	GO:0006468	1.0
Q9NQU5	GO:0004672	1.0
Q9NQU5	GO:0004674	1.0
A0A0G2K1A2	GO:0006979	1.0
A0A0G2K1A2	GO:0004601	1.0
A0A0G2K1A2	GO:0020037	1.0
O15520	GO:0008083	1.0
Q9FMZ0	GO:0005886	1.0
Q9FMZ0	GO:0019210	1.0
O95905	GO:0003674	1.0
O95905	GO:0008150	1.0
O95905	GO:0005575	1.0
O43281	GO:0005515	1.0
P49959	GO:0016787	1.0
P49959	GO:0005634	1.0
P49959	GO:0030870	1.0
P49959	GO:0006302	1.0
P49959	GO:0004520	1.0
P49959	GO:0004519	1.0
P49959	GO:0030145	1.0
P49959	GO:0008296	1.0
P05107	GO:0003674	1.0
P05107	GO:0008150	1.0
P05107	GO:0005575	1.0
P32454	GO:0008237	1.0
P32454	GO:0006508	1.0
P32454	GO:0008270	1.0
Q00839	GO:0005515	1.0
Q9NBC8	GO:0007186	1.0
Q9NBC8	GO:0004983	1.0
Q9NBC8	GO:0004930	1.0
Q9NBC8	GO:0016020	1.0
P0DP28	GO:0005509	1.0
A8JRI1	GO:0003676	1.0
A8JRI1	GO:0005634	1.0
A8JRI1	GO:0003723	1.0
A8JRI1	GO:0006397	1.0
P16885	GO:0006629	1.0
P16885	GO:0009395	1.0
P16885	GO:0005515	1.0
P16885	GO:0035556	1.0
P16885	GO:0007165	1.0
P16885	GO:0004435	1.0
P16885	GO:0008081	1.0
P10823	GO:0007186	1.0
P10823	GO:0031683	1.0
P10823	GO:0005834	1.0
P10823	GO:0003924	1.0
P10823	GO:0007165	1.0
P10823	GO:0005525	1.0
P10823	GO:0019001	1.0
P10823	GO:0001664	1.0
Q12189	GO:0009052	1.0
Q12189	GO:0004751	1.0
Q8NHS0	GO:0061077	1.0
Q8NHS0	GO:0051082	1.0
Q8NHS0	GO:0030544	1.0
Q64632	GO:0007160	1.0
Q64632	GO:0031581	1.0
Q64632	GO:0005515	1.0
Q64632	GO:0007154	1.0
Q64632	GO:0007229	1.0
Q64632	GO:0048870	1.0
Q64632	GO:0016020	1.0
Q64632	GO:0008305	1.0
P53738	GO:0046982	1.0
Q9QZN9	GO:0007186	1.0
Q9QZN9	GO:0004949	1.0
Q9QZN9	GO:0004930	1.0
Q9QZN9	GO:0016020	1.0
Q8IMZ3	GO:0045182	1.0
Q8IMZ3	GO:0003676	1.0
Q8IMZ3	GO:0006417	1.0
Q8IMZ3	GO:0003730	1.0
Q8IMZ3	GO:0003723	1.0
O00341	GO:0015293	1.0
O00341	GO:0016020	1.0
Q24547	GO:0006886	1.0
Q24547	GO:0016192	1.0
Q24547	GO:0005484	1.0
Q24547	GO:0016020	1.0
Q5AG71	GO:0005524	1.0
Q5AG71	GO:0006468	1.0
Q5AG71	GO:0004672	1.0
Q02763	GO:0005524	1.0
Q02763	GO:0004713	1.0
Q02763	GO:0004714	1.0
Q02763	GO:0005515	1.0
Q02763	GO:0005886	1.0
Q02763	GO:0004672	1.0
Q02763	GO:0006468	1.0
Q02763	GO:0007169	1.0
Q8N3Y1	GO:0005515	1.0
P00697	GO:0003796	1.0
O00451	GO:0038023	1.0
P22694	GO:0005524	1.0
P22694	GO:0006468	1.0
P22694	GO:0004672	1.0
P22694	GO:0004674	1.0
Q9FG61	GO:0006470	1.0
Q9FG61	GO:0004722	1.0
Q9S7Z3	GO:0016756	1.0
Q9S7Z3	GO:0010038	1.0
Q9S7Z3	GO:0046872	1.0
Q9S7Z3	GO:0046938	1.0
Q90582	GO:0006351	1.0
Q90582	GO:0003700	1.0
Q90582	GO:0006355	1.0
P9WPH3	GO:0003824	1.0
Q8N6M0	GO:0003674	1.0
Q8N6M0	GO:0008150	1.0
Q8N6M0	GO:0005575	1.0
Q9VUY1	GO:0005247	1.0
Q9VUY1	GO:0016020	1.0
Q9VUY1	GO:0006821	1.0
Q9VUY1	GO:0055085	1.0
P25605	GO:0009082	1.0
P25605	GO:1990610	1.0
P83949	GO:0003700	1.0
P83949	GO:0000981	1.0
P83949	GO:0003677	1.0
P83949	GO:0006355	1.0
Q9U298	GO:0006811	1.0
Q9U298	GO:0005230	1.0
Q9U298	GO:0022848	1.0
Q9U298	GO:0004888	1.0
Q9U298	GO:0016020	1.0
Q9U298	GO:0034220	1.0
Q9U298	GO:0045211	1.0
Q9U298	GO:0005216	1.0
P28300	GO:0005507	1.0
P28300	GO:0016641	1.0
P63208	GO:0006511	1.0
P33602	GO:0016491	1.0
P33602	GO:0008137	1.0
P33602	GO:0016651	1.0
P33602	GO:0043546	1.0
P33602	GO:0051536	1.0
P33602	GO:0042773	1.0
P33602	GO:0016020	1.0
O51312	GO:0000015	1.0
O51312	GO:0004634	1.0
O51312	GO:0000287	1.0
O51312	GO:0006096	1.0
P39016	GO:0003723	1.0
A9LNK9	GO:0046872	1.0
A9LNK9	GO:0003723	1.0
Q8T7S2	GO:0006811	1.0
Q8T7S2	GO:0005230	1.0
Q8T7S2	GO:0022848	1.0
Q8T7S2	GO:0004888	1.0
Q8T7S2	GO:0016020	1.0
Q8T7S2	GO:0034220	1.0
Q8T7S2	GO:0045211	1.0
Q8T7S2	GO:0005216	1.0
P32157	GO:0003824	1.0
P32157	GO:0030170	1.0
P32157	GO:0030151	1.0
P22033	GO:0003824	1.0
P22033	GO:0031419	1.0
P22033	GO:0004494	1.0
P22033	GO:0016853	1.0
P22033	GO:0016866	1.0
P22033	GO:0046872	1.0
P48445	GO:0036211	1.0
P48445	GO:0004077	1.0
Q16555	GO:0016787	1.0
Q16555	GO:0016810	1.0
Q16555	GO:0005737	1.0
P83581	GO:0003674	1.0
P83581	GO:0008150	1.0
P83581	GO:0005575	1.0
P19527	GO:0005882	1.0
Q8T7S1	GO:0006811	1.0
Q8T7S1	GO:0005230	1.0
Q8T7S1	GO:0022848	1.0
Q8T7S1	GO:0004888	1.0
Q8T7S1	GO:0016020	1.0
Q8T7S1	GO:0034220	1.0
Q8T7S1	GO:0045211	1.0
Q8T7S1	GO:0005216	1.0
Q9V427	GO:0003674	1.0
Q9V427	GO:0008150	1.0
Q9V427	GO:0005575	1.0
P25822	GO:0003723	1.0
P17553	GO:0005576	1.0
P17553	GO:0016055	1.0
P17553	GO:0005102	1.0
P17553	GO:0007275	1.0
Q10576	GO:0005783	1.0
Q10576	GO:0005515	1.0
Q10576	GO:0016705	1.0
Q10576	GO:0031418	1.0
Q10576	GO:0004656	1.0
Q10576	GO:0005506	1.0
O35796	GO:0005759	1.0
A2A6C4	GO:0042500	1.0
A2A6C4	GO:0016020	1.0
O65041	GO:0019781	1.0
O65041	GO:0008641	1.0
O65041	GO:0045116	1.0
Q9I8A3	GO:0046983	1.0
Q9I8A3	GO:0003677	1.0
Q9I8A3	GO:0006355	1.0
Q9UTG2	GO:0061630	1.0
Q9UTG2	GO:0004842	1.0
Q9UTG2	GO:0005515	1.0
Q9UTG2	GO:0006511	1.0
Q9UK41	GO:0000813	1.0
Q9UK41	GO:0032509	1.0
P51863	GO:1902600	1.0
P51863	GO:0046961	1.0
P51863	GO:0033179	1.0
A0A8I6A7Q7	GO:0003674	1.0
A0A8I6A7Q7	GO:0008150	1.0
A0A8I6A7Q7	GO:0005575	1.0
O74845	GO:0003714	1.0
O74845	GO:0016575	1.0
O74845	GO:0005515	1.0
Q91V88	GO:0005509	1.0
Q91V88	GO:0016020	1.0
H2L0Q3	GO:0007186	1.0
H2L0Q3	GO:0004965	1.0
H2L0Q3	GO:0004930	1.0
H2L0Q3	GO:0016020	1.0
G2TRP5	GO:0003674	1.0
G2TRP5	GO:0008150	1.0
G2TRP5	GO:0005575	1.0
P14734	GO:0003700	1.0
P14734	GO:0008134	1.0
P14734	GO:0006355	1.0
P14734	GO:0043565	1.0
P14734	GO:0019904	1.0
Q12692	GO:0003677	1.0
Q12692	GO:0030527	1.0
Q12692	GO:0000786	1.0
Q12692	GO:0046982	1.0
Q9HC52	GO:0003674	1.0
Q9HC52	GO:0008150	1.0
Q9HC52	GO:0005575	1.0
P00520	GO:0005524	1.0
P00520	GO:0004713	1.0
P00520	GO:0006468	1.0
P00520	GO:0004672	1.0
P00520	GO:0004715	1.0
P00520	GO:0005515	1.0
O95487	GO:0006888	1.0
O95487	GO:0006886	1.0
O95487	GO:0030127	1.0
O95487	GO:0008270	1.0
Q6UWE0	GO:0005515	1.0
B5BM46	GO:0003674	1.0
B5BM46	GO:0008150	1.0
B5BM46	GO:0005575	1.0
Q9LMI3	GO:0006629	1.0
Q9LMI3	GO:0016717	1.0
O16043	GO:0003674	1.0
O16043	GO:0008150	1.0
O16043	GO:0005575	1.0
Q02878	GO:0005840	1.0
Q02878	GO:0006412	1.0
Q02878	GO:0003735	1.0
Q9M1K2	GO:0005524	1.0
Q9M1K2	GO:0016308	1.0
Q9M1K2	GO:0052742	1.0
Q9M1K2	GO:0046488	1.0
Q01896	GO:0016887	1.0
Q01896	GO:0005524	1.0
Q01896	GO:0000166	1.0
Q01896	GO:0016020	1.0
Q01896	GO:0005215	1.0
Q01896	GO:0006812	1.0
Q01896	GO:0019829	1.0
Q8TDD1	GO:0005524	1.0
Q8TDD1	GO:0005634	1.0
Q8TDD1	GO:0003676	1.0
Q8TDD1	GO:0003724	1.0
Q8TDD1	GO:0003723	1.0
O88844	GO:0000287	1.0
O88844	GO:0004450	1.0
O88844	GO:0016616	1.0
O88844	GO:0051287	1.0
O88844	GO:0006102	1.0
O75494	GO:0003676	1.0
O75494	GO:0003723	1.0
P9WI79	GO:0005524	1.0
P9WI79	GO:0006468	1.0
P9WI79	GO:0004672	1.0
P9WI79	GO:0005515	1.0
Q8SY46	GO:0046983	1.0
O43687	GO:0003674	1.0
O43687	GO:0008150	1.0
O43687	GO:0005575	1.0
Q9V3V0	GO:0003676	1.0
Q9V3V0	GO:0003723	1.0
Q9V3V0	GO:0008270	1.0
D6XGM6	GO:0003674	1.0
D6XGM6	GO:0008150	1.0
D6XGM6	GO:0005575	1.0
P21228	GO:0000981	1.0
P21228	GO:0006355	1.0
P21228	GO:0008270	1.0
P56696	GO:0006811	1.0
P56696	GO:0005249	1.0
P56696	GO:0006813	1.0
P56696	GO:0005216	1.0
P56696	GO:0055085	1.0
P56696	GO:0016020	1.0
S0HPF7	GO:0003674	1.0
S0HPF7	GO:0008150	1.0
S0HPF7	GO:0005575	1.0
W5U9R6	GO:0003700	1.0
W5U9R6	GO:0003677	1.0
W5U9R6	GO:0006355	1.0
P41241	GO:0005524	1.0
P41241	GO:0004713	1.0
P41241	GO:0006468	1.0
P41241	GO:0004672	1.0
P41241	GO:0005515	1.0
P29460	GO:0004896	1.0
P29460	GO:0005515	1.0
P29460	GO:0016020	1.0
Q3TQ03	GO:0000976	1.0
Q3TQ03	GO:0032922	1.0
A2RU49	GO:0003674	1.0
A2RU49	GO:0008150	1.0
A2RU49	GO:0005575	1.0
O93927	GO:0006075	1.0
O93927	GO:0016020	1.0
O93927	GO:0000148	1.0
O93927	GO:0003843	1.0
A0A3Q0KDV9	GO:0005525	1.0
O18158	GO:0005515	1.0
P0ABK9	GO:0006807	1.0
P0ABK9	GO:0042279	1.0
P0ABK9	GO:0042597	1.0
P0ABK9	GO:0005509	1.0
P0ABK9	GO:0020037	1.0
Q00013	GO:0005515	1.0
Q91YE5	GO:0003677	1.0
Q91YE5	GO:0005515	1.0
M9NE97	GO:0005375	1.0
M9NE97	GO:0035434	1.0
M9NE97	GO:0016020	1.0
Q12365	GO:0003674	1.0
Q12365	GO:0008150	1.0
Q12365	GO:0005575	1.0
Q63128	GO:0003674	1.0
Q63128	GO:0008150	1.0
Q63128	GO:0005575	1.0
O43070	GO:0006302	1.0
O43070	GO:0030870	1.0
O43070	GO:0007095	1.0
O43070	GO:0005515	1.0
Q86WA8	GO:0016887	1.0
Q86WA8	GO:0005524	1.0
Q86WA8	GO:0004176	1.0
Q86WA8	GO:0006515	1.0
Q86WA8	GO:0004252	1.0
Q86WA8	GO:0006508	1.0
Q86WA8	GO:0030163	1.0
P59224	GO:0005840	1.0
P59224	GO:0006412	1.0
P59224	GO:0003735	1.0
Q61391	GO:0006508	1.0
Q61391	GO:0004222	1.0
Q61391	GO:0008237	1.0
F4JEW8	GO:0045040	1.0
F4JEW8	GO:0005742	1.0
F4JEW8	GO:0005515	1.0
A0A8I6A5Y4	GO:0003674	1.0
A0A8I6A5Y4	GO:0008150	1.0
A0A8I6A5Y4	GO:0005575	1.0
Q9NVI7	GO:0016887	1.0
Q9NVI7	GO:0005524	1.0
Q9Z2V6	GO:0004407	1.0
Q9Z2V6	GO:0000122	1.0
Q9Z2V6	GO:0016575	1.0
P24928	GO:0006351	1.0
P24928	GO:0003677	1.0
P24928	GO:0006366	1.0
P24928	GO:0003899	1.0
Q6JQN1	GO:0050660	1.0
Q6JQN1	GO:0016627	1.0
Q3UUV0	GO:0003676	1.0
Q3UUV0	GO:0005634	1.0
Q3UUV0	GO:0008270	1.0
P36370	GO:0016887	1.0
P36370	GO:0005524	1.0
P36370	GO:0015833	1.0
P36370	GO:0140359	1.0
P36370	GO:0016020	1.0
P36370	GO:1904680	1.0
P36370	GO:0055085	1.0
Q9Z2K1	GO:0005198	1.0
Q9UA31	GO:0003676	1.0
Q9UA31	GO:0004386	1.0
Q9UA31	GO:0005524	1.0
Q9UA31	GO:0006310	1.0
P12960	GO:0005515	1.0
P0AEU7	GO:0051082	1.0
Q92993	GO:0004402	1.0
Q92993	GO:0006355	1.0
Q92993	GO:0016573	1.0
Q46920	GO:0008616	1.0
Q46920	GO:0033739	1.0
Q46920	GO:0005737	1.0
Q46920	GO:0046857	1.0
P41933	GO:0003700	1.0
P41933	GO:0003677	1.0
P41933	GO:0006355	1.0
P41933	GO:0043565	1.0
P41933	GO:0004879	1.0
P41933	GO:0000978	1.0
P41933	GO:0008270	1.0
O60507	GO:0008476	1.0
O60507	GO:0006478	1.0
Q6PDM2	GO:0003676	1.0
Q6PDM2	GO:0003723	1.0
O60879	GO:0031267	1.0
O60879	GO:0016043	1.0
O60879	GO:0003779	1.0
O60879	GO:0030036	1.0
Q5QJE6	GO:0003674	1.0
Q5QJE6	GO:0008150	1.0
Q5QJE6	GO:0005575	1.0
P19835	GO:0003674	1.0
P19835	GO:0008150	1.0
P19835	GO:0005575	1.0
P48353	GO:0003674	1.0
P48353	GO:0008150	1.0
P48353	GO:0005575	1.0
Q9Y284	GO:0044183	1.0
Q9Y284	GO:0005789	1.0
Q9Y284	GO:0045048	1.0
Q9VTS8	GO:0005515	1.0
Q8MQR8	GO:0003674	1.0
Q8MQR8	GO:0008150	1.0
Q8MQR8	GO:0005575	1.0
P23331	GO:0005524	1.0
P23331	GO:0004797	1.0
O35305	GO:0005515	1.0
P13805	GO:0006937	1.0
P13805	GO:0005861	1.0
Q9Z351	GO:0006811	1.0
Q9Z351	GO:0005249	1.0
Q9Z351	GO:0006813	1.0
Q9Z351	GO:0005216	1.0
Q9Z351	GO:0055085	1.0
Q9Z351	GO:0016020	1.0
O15304	GO:0003674	1.0
O15304	GO:0008150	1.0
O15304	GO:0005575	1.0
Q921M7	GO:0031267	1.0
Q921M7	GO:0030833	1.0
Q60610	GO:0090630	1.0
Q60610	GO:0005515	1.0
Q60610	GO:0007264	1.0
Q60610	GO:0035556	1.0
Q60610	GO:0007165	1.0
Q60610	GO:0005085	1.0
P63147	GO:0003674	1.0
P63147	GO:0008150	1.0
P63147	GO:0005575	1.0
Q9NUX5	GO:0000723	1.0
Q9NUX5	GO:0003677	1.0
Q9NUX5	GO:0043047	1.0
Q9NUX5	GO:0000781	1.0
Q8N4C8	GO:0005524	1.0
Q8N4C8	GO:0006468	1.0
Q8N4C8	GO:0004672	1.0
Q8GXV5	GO:0071522	1.0
Q7TSY6	GO:0003676	1.0
Q7TSY6	GO:0003723	1.0
Q9VUX2	GO:0016567	1.0
Q9VUX2	GO:0004842	1.0
Q9VUX2	GO:0005515	1.0
Q9VUX2	GO:0046872	1.0
Q9VUX2	GO:0008270	1.0
Q96AC1	GO:0007229	1.0
P49137	GO:0005524	1.0
P49137	GO:0006468	1.0
P49137	GO:0004672	1.0
Q0WXH3	GO:0003674	1.0
Q0WXH3	GO:0008150	1.0
Q0WXH3	GO:0005575	1.0
O95716	GO:0005525	1.0
O95716	GO:0003924	1.0
Q15120	GO:0004672	1.0
P07910	GO:0003676	1.0
P07910	GO:0003723	1.0
Q99593	GO:0003700	1.0
Q99593	GO:0045893	1.0
Q99593	GO:0005634	1.0
Q99593	GO:0006355	1.0
Q99593	GO:0000978	1.0
Q6P1A2	GO:0003674	1.0
Q6P1A2	GO:0008150	1.0
Q6P1A2	GO:0005575	1.0
A0A1D8PIH0	GO:0005524	1.0
A0A1D8PIH0	GO:0003777	1.0
A0A1D8PIH0	GO:0008017	1.0
A0A1D8PIH0	GO:0007018	1.0
O74429	GO:0000829	1.0
Q08496	GO:0005515	1.0
O74453	GO:0005515	1.0
A0A0N7KJT8	GO:0003700	1.0
A0A0N7KJT8	GO:0003677	1.0
A0A0N7KJT8	GO:0006355	1.0
P19073	GO:0005525	1.0
P19073	GO:0007264	1.0
P19073	GO:0003924	1.0
P33303	GO:0055085	1.0
Q9BYJ9	GO:0003723	1.0
P17157	GO:0005524	1.0
P17157	GO:0006468	1.0
P17157	GO:0004672	1.0
Q9S752	GO:0061630	1.0
Q9UDY4	GO:0051082	1.0
Q9UDY4	GO:0006457	1.0
Q9QUG3	GO:0051260	1.0
Q9QUG3	GO:0016020	1.0
Q08826	GO:0032266	1.0
Q08826	GO:0035091	1.0
P04789	GO:0006096	1.0
P04789	GO:0004807	1.0
P0A6Z6	GO:0003677	1.0
P0A6Z6	GO:0006355	1.0
P0A6Z6	GO:0016151	1.0
P0A6Z6	GO:0010045	1.0
P08168	GO:0007165	1.0
P56537	GO:0042256	1.0
P56537	GO:0043022	1.0
P0CU19	GO:0016020	1.0
Q9H0R5	GO:0005525	1.0
Q9H0R5	GO:0003924	1.0
P07978	GO:0003677	1.0
P07978	GO:0051276	1.0
P07978	GO:0007286	1.0
Q92956	GO:0005515	1.0
P37059	GO:0016491	1.0
Q960A7	GO:0004540	1.0
Q960A7	GO:0003723	1.0
P57723	GO:0003676	1.0
P57723	GO:0003723	1.0
Q13443	GO:0006508	1.0
Q13443	GO:0004222	1.0
Q13443	GO:0008237	1.0
Q9Y234	GO:0036211	1.0
Q9Y234	GO:0009249	1.0
Q04121	GO:1902600	1.0
Q04121	GO:0015297	1.0
Q04121	GO:0006814	1.0
Q04121	GO:0006885	1.0
Q04121	GO:0016020	1.0
Q04121	GO:0006812	1.0
Q04121	GO:0015385	1.0
Q04121	GO:0055085	1.0
P20649	GO:0016887	1.0
P20649	GO:0005524	1.0
P20649	GO:0000166	1.0
P20649	GO:0008553	1.0
P20649	GO:0016020	1.0
P20649	GO:0005215	1.0
P20649	GO:0120029	1.0
Q99611	GO:0005524	1.0
Q9VB15	GO:0015631	1.0
Q9VB15	GO:0008017	1.0
Q9NYA1	GO:0016301	1.0
P00004	GO:0009055	1.0
P00004	GO:0020037	1.0
Q5VJS5	GO:0003341	1.0
Q5VJS5	GO:0005515	1.0
Q9UJX3	GO:0005515	1.0
P28708	GO:0005524	1.0
P28708	GO:0006468	1.0
P28708	GO:0004672	1.0
Q9M084	GO:0005524	1.0
Q9M084	GO:0006418	1.0
Q9M084	GO:0000166	1.0
Q9M084	GO:0006422	1.0
Q9M084	GO:0004815	1.0
Q9M084	GO:0003676	1.0
Q9M084	GO:0004812	1.0
Q9M084	GO:0005737	1.0
P52919	GO:0003674	1.0
P52919	GO:0008150	1.0
P52919	GO:0005575	1.0
G5EFE1	GO:0005737	1.0
G5EFE1	GO:0005085	1.0
G5EFE1	GO:0005515	1.0
Q9H310	GO:0005886	1.0
Q9H310	GO:0072488	1.0
Q9H310	GO:0008519	1.0
Q9H310	GO:0016020	1.0
P18475	GO:0005524	1.0
P18475	GO:0004713	1.0
P18475	GO:0006468	1.0
P18475	GO:0004672	1.0
P18475	GO:0005515	1.0
A6KTX2	GO:0016471	1.0
A6KTX2	GO:1902600	1.0
A6KTX2	GO:0046961	1.0
A0A0B4KHT0	GO:0005515	1.0
A0A0B4KHT0	GO:0008270	1.0
Q9SHM1	GO:0015743	1.0
P13535	GO:0005524	1.0
P13535	GO:0003774	1.0
P13535	GO:0005515	1.0
P13535	GO:0051015	1.0
P13535	GO:0016459	1.0
Q9LUK7	GO:0003700	1.0
Q9LUK7	GO:0046983	1.0
Q9LUK7	GO:0006355	1.0
P30316	GO:0003676	1.0
P30316	GO:0003677	1.0
P30316	GO:0000166	1.0
P30316	GO:0003887	1.0
O75152	GO:0046872	1.0
F1MA19	GO:0048013	1.0
F1MA19	GO:0046875	1.0
F1MA19	GO:0016020	1.0
Q84JH7	GO:0016829	1.0
Q16667	GO:0004725	1.0
Q16667	GO:0016311	1.0
Q16667	GO:0004721	1.0
Q16667	GO:0006470	1.0
P49678	GO:0006355	1.0
P49678	GO:0005634	1.0
P49678	GO:0005515	1.0
Q9NV35	GO:0003674	1.0
Q9NV35	GO:0008150	1.0
Q9NV35	GO:0005575	1.0
P14061	GO:0016491	1.0
P14061	GO:0006703	1.0
P14061	GO:0004303	1.0
P14061	GO:0005737	1.0
Q8BVZ5	GO:0005125	1.0
Q8IR54	GO:0003674	1.0
Q8IR54	GO:0008150	1.0
Q8IR54	GO:0005575	1.0
Q16851	GO:0070569	1.0
Q16851	GO:0006011	1.0
Q16851	GO:0003983	1.0
Q9Y6Q6	GO:0005515	1.0
P67809	GO:0003676	1.0
A0A0B4P506	GO:0003713	1.0
A0A0B4P506	GO:0005634	1.0
Q8GXX7	GO:0046872	1.0
P40818	GO:0004843	1.0
P40818	GO:0016579	1.0
P41996	GO:0008061	1.0
P41996	GO:0005576	1.0
P40689	GO:0003674	1.0
P40689	GO:0008150	1.0
P40689	GO:0005575	1.0
Q99K41	GO:0005515	1.0
Q61483	GO:0007219	1.0
Q61483	GO:0005509	1.0
Q61483	GO:0007275	1.0
Q61483	GO:0007154	1.0
Q61483	GO:0016020	1.0
Q9NVP2	GO:0006325	1.0
Q9NVP2	GO:0005634	1.0
Q99439	GO:0005515	1.0
Q99439	GO:0003779	1.0
Q99439	GO:0031032	1.0
P48754	GO:0005634	1.0
P48754	GO:0003677	1.0
P48754	GO:0006974	1.0
P48754	GO:0046872	1.0
P48754	GO:0004842	1.0
P48754	GO:0006281	1.0
P48754	GO:0008270	1.0
Q9UTR8	GO:0003674	1.0
Q9UTR8	GO:0008150	1.0
Q9UTR8	GO:0005575	1.0
H2L051	GO:0003676	1.0
H2L051	GO:0003723	1.0
Q56H90	GO:0003700	1.0
Q56H90	GO:0006355	1.0
Q9QZM3	GO:0003674	1.0
Q9QZM3	GO:0008150	1.0
Q9QZM3	GO:0005575	1.0
P54733	GO:0003674	1.0
P54733	GO:0008150	1.0
P54733	GO:0005575	1.0
Q96EU6	GO:0003674	1.0
Q96EU6	GO:0008150	1.0
Q96EU6	GO:0005575	1.0
P54970	GO:0009850	1.0
P54970	GO:0016787	1.0
Q61180	GO:0005272	1.0
Q61180	GO:0015280	1.0
Q61180	GO:0006814	1.0
Q61180	GO:0016020	1.0
Q504T8	GO:0005515	1.0
P35149	GO:0016887	1.0
P35149	GO:0005524	1.0
P35149	GO:0043934	1.0
Q62599	GO:0043565	1.0
Q62599	GO:0003682	1.0
Q62599	GO:0006355	1.0
Q12188	GO:0007062	1.0
Q12188	GO:0008278	1.0
Q12188	GO:0005515	1.0
Q22289	GO:0003700	1.0
Q22289	GO:0045893	1.0
Q22289	GO:0005634	1.0
Q22289	GO:0006355	1.0
Q22289	GO:0000978	1.0
P40015	GO:0003824	1.0
Q9V3G8	GO:0003674	1.0
Q9V3G8	GO:0008150	1.0
Q9V3G8	GO:0005575	1.0
Q04149	GO:0006308	1.0
Q04149	GO:0004518	1.0
Q04149	GO:0003677	1.0
Q04149	GO:0006302	1.0
Q04149	GO:0008821	1.0
Q9JJ94	GO:0003674	1.0
Q9JJ94	GO:0008150	1.0
Q9JJ94	GO:0005575	1.0
A2RVQ5	GO:0003700	1.0
A2RVQ5	GO:0046983	1.0
A2RVQ5	GO:0003677	1.0
A2RVQ5	GO:0006355	1.0
A2RVQ5	GO:0005634	1.0
A2RVQ5	GO:0000977	1.0
A2RVQ5	GO:0045944	1.0
P34098	GO:0030246	1.0
P34098	GO:0003824	1.0
P34098	GO:0005975	1.0
P34098	GO:0006013	1.0
P34098	GO:0004559	1.0
P08253	GO:0031012	1.0
P08253	GO:0006508	1.0
P08253	GO:0004222	1.0
P08253	GO:0008237	1.0
P08253	GO:0008270	1.0
F7J0N2	GO:0043531	1.0
F7J0N2	GO:0006952	1.0
F7J0N2	GO:0046872	1.0
O70302	GO:0019915	1.0
O70302	GO:0006915	1.0
O70302	GO:0005811	1.0
Q6XZL7	GO:0003674	1.0
Q6XZL7	GO:0008150	1.0
Q6XZL7	GO:0005575	1.0
Q02844	GO:0006508	1.0
Q02844	GO:0004252	1.0
P40541	GO:0005515	1.0
P34253	GO:0003674	1.0
P34253	GO:0008150	1.0
P34253	GO:0005575	1.0
Q9UL25	GO:0005525	1.0
Q9UL25	GO:0003924	1.0
Q9UL25	GO:0032482	1.0
Q96G01	GO:0008093	1.0
Q96G01	GO:0070840	1.0
Q0JHF1	GO:0003700	1.0
Q0JHF1	GO:0045893	1.0
Q0JHF1	GO:0006355	1.0
P13221	GO:0003824	1.0
P13221	GO:0006520	1.0
P13221	GO:0009058	1.0
P13221	GO:0008483	1.0
P13221	GO:0030170	1.0
Q80VJ2	GO:0006357	1.0
Q80VJ2	GO:0030374	1.0
F4K6B6	GO:0016887	1.0
F4K6B6	GO:0005524	1.0
F4K6B6	GO:0051082	1.0
F4K6B6	GO:0140662	1.0
F4K6B6	GO:0006457	1.0
Q8NF37	GO:0005509	1.0
Q8NF37	GO:0016746	1.0
Q8NF37	GO:0008374	1.0
Q99JY1	GO:0007165	1.0
Q86VS8	GO:0030705	1.0
Q86VS8	GO:0008017	1.0
Q86VS8	GO:0031122	1.0
Q86VS8	GO:0005515	1.0
Q9Z339	GO:0004364	1.0
Q9Z339	GO:0005737	1.0
Q08193	GO:0003674	1.0
Q08193	GO:0008150	1.0
Q08193	GO:0005575	1.0
P05062	GO:0006096	1.0
P05062	GO:0004332	1.0
P21803	GO:0005524	1.0
P21803	GO:0004713	1.0
P21803	GO:0005007	1.0
P21803	GO:0004672	1.0
P21803	GO:0016020	1.0
P21803	GO:0008543	1.0
P21803	GO:0008284	1.0
P21803	GO:0006468	1.0
Q4FZB7	GO:0034772	1.0
Q4FZB7	GO:0005515	1.0
Q4FZB7	GO:0042799	1.0
A8JNK7	GO:0003674	1.0
A8JNK7	GO:0008150	1.0
A8JNK7	GO:0005575	1.0
O60499	GO:0006886	1.0
O60499	GO:0016192	1.0
O60499	GO:0048193	1.0
O60499	GO:0005484	1.0
O60499	GO:0016020	1.0
P14753	GO:0004896	1.0
P14753	GO:0005515	1.0
P14753	GO:0004888	1.0
P14753	GO:0016020	1.0
O15269	GO:0030170	1.0
O15269	GO:0009058	1.0
Q7Z020	GO:0006811	1.0
Q7Z020	GO:0005515	1.0
Q7Z020	GO:0005216	1.0
Q7Z020	GO:0055085	1.0
Q7Z020	GO:0016020	1.0
P22138	GO:0006351	1.0
P22138	GO:0032549	1.0
P22138	GO:0003677	1.0
P22138	GO:0005634	1.0
P22138	GO:0003899	1.0
Q562B9	GO:0006402	1.0
Q562B9	GO:0003676	1.0
Q562B9	GO:0004654	1.0
Q562B9	GO:0003723	1.0
Q9FVC1	GO:0003700	1.0
Q9FVC1	GO:0046983	1.0
Q9FVC1	GO:0003677	1.0
Q9FVC1	GO:0006355	1.0
Q9FVC1	GO:0005634	1.0
Q9FVC1	GO:0000977	1.0
Q9FVC1	GO:0045944	1.0
Q9JMG7	GO:0003674	1.0
Q9JMG7	GO:0008150	1.0
Q9JMG7	GO:0005575	1.0
P07150	GO:0005544	1.0
P07150	GO:0005509	1.0
P07150	GO:0004859	1.0
O96390	GO:0005525	1.0
O96390	GO:0007264	1.0
O96390	GO:0003924	1.0
O89050	GO:0005515	1.0
Q9DA08	GO:0000124	1.0
P91351	GO:0006281	1.0
P91351	GO:0017108	1.0
P91351	GO:0033557	1.0
O13610	GO:0032040	1.0
P03109	GO:0005198	1.0
P03109	GO:0019028	1.0
P15311	GO:0008092	1.0
P15311	GO:0003779	1.0
P15311	GO:0005856	1.0
P0C894	GO:0005515	1.0
O14880	GO:0016020	1.0
P51906	GO:0015293	1.0
P51906	GO:0016020	1.0
P15019	GO:0006098	1.0
P15019	GO:0005737	1.0
P15019	GO:0005975	1.0
P15019	GO:0004801	1.0
P37108	GO:0006614	1.0
P37108	GO:0048500	1.0
P37108	GO:0030942	1.0
P37108	GO:0005786	1.0
P37108	GO:0008312	1.0
Q54WR4	GO:0003824	1.0
Q54WR4	GO:0005509	1.0
Q12416	GO:0000082	1.0
Q12416	GO:0001227	1.0
Q4L208	GO:1902600	1.0
Q4L208	GO:0015297	1.0
Q4L208	GO:0006814	1.0
Q4L208	GO:0006885	1.0
Q4L208	GO:0016020	1.0
Q4L208	GO:0006812	1.0
Q4L208	GO:0015385	1.0
Q4L208	GO:0055085	1.0
P84508	GO:0005576	1.0
P84508	GO:0008200	1.0
P11137	GO:0015631	1.0
P11137	GO:0008017	1.0
A2A8U2	GO:0005637	1.0
P50518	GO:1902600	1.0
P50518	GO:0046961	1.0
P50518	GO:0033178	1.0
Q9FI56	GO:0016887	1.0
Q9FI56	GO:0005524	1.0
Q9FI56	GO:0005515	1.0
O60242	GO:0007186	1.0
O60242	GO:0016525	1.0
O60242	GO:0005886	1.0
O60242	GO:0004888	1.0
O60242	GO:0004930	1.0
O60242	GO:0007166	1.0
O60242	GO:0016020	1.0
F1MAF1	GO:0003700	1.0
F1MAF1	GO:0003677	1.0
F1MAF1	GO:0006355	1.0
F1MAF1	GO:0043565	1.0
Q6BCY4	GO:0016491	1.0
Q9R1K9	GO:0005509	1.0
P07003	GO:0030976	1.0
P07003	GO:0003824	1.0
P07003	GO:0006090	1.0
P07003	GO:0052737	1.0
P07003	GO:0000287	1.0
Q05128	GO:0003674	1.0
Q05128	GO:0008150	1.0
Q05128	GO:0005575	1.0
P11511	GO:0004497	1.0
P11511	GO:0016705	1.0
P11511	GO:0005506	1.0
P11511	GO:0020037	1.0
P29279	GO:0005576	1.0
P29279	GO:0007165	1.0
P29279	GO:0005515	1.0
G5EC23	GO:0005515	1.0
Q9LUW0	GO:0016491	1.0
Q9LUW0	GO:0034440	1.0
Q9LUW0	GO:0016702	1.0
Q9LUW0	GO:0005515	1.0
Q9LUW0	GO:0046872	1.0
Q96GZ6	GO:0008324	1.0
Q96GZ6	GO:0006812	1.0
Q9NP72	GO:0005525	1.0
Q9NP72	GO:0003924	1.0
Q99013	GO:0050825	1.0
P38273	GO:0035658	1.0
P38273	GO:0016192	1.0
O02374	GO:0003676	1.0
O02374	GO:0003723	1.0
E7FB98	GO:0016020	1.0
E7FB98	GO:0004659	1.0
E7FB98	GO:0016765	1.0
O00270	GO:0007186	1.0
O00270	GO:0004930	1.0
O00270	GO:0016020	1.0
Q8BH98	GO:0003674	1.0
Q8BH98	GO:0008150	1.0
Q8BH98	GO:0005575	1.0
P30870	GO:0016779	1.0
P30870	GO:0008882	1.0
P96793	GO:0030246	1.0
P96793	GO:0003824	1.0
P96793	GO:0004553	1.0
P96793	GO:0005975	1.0
P00751	GO:0005576	1.0
P00751	GO:0004252	1.0
P00751	GO:0006956	1.0
P00751	GO:0006508	1.0
Q8VZL4	GO:0055085	1.0
Q8VZL4	GO:0016020	1.0
P40791	GO:0046983	1.0
P40791	GO:0003677	1.0
P40791	GO:0045944	1.0
P40791	GO:0000977	1.0
Q9SLD2	GO:0019432	1.0
Q9SLD2	GO:0004144	1.0
Q9SLD2	GO:0008374	1.0
P42574	GO:0004197	1.0
P42574	GO:0008234	1.0
P42574	GO:0006508	1.0
Q9C9X0	GO:0007010	1.0
Q9C9X0	GO:0008017	1.0
P01132	GO:0005509	1.0
P38084	GO:0006865	1.0
P38084	GO:0055085	1.0
P38084	GO:0016020	1.0
Q4GYW2	GO:0003723	1.0
O65312	GO:0031519	1.0
O65312	GO:0042054	1.0
O65312	GO:0006338	1.0
O65312	GO:0005515	1.0
G5EEU2	GO:0005515	1.0
Q9XTG7	GO:0005524	1.0
Q9XTG7	GO:0006468	1.0
Q9XTG7	GO:0004672	1.0
Q9XTG7	GO:0004674	1.0
Q9UIV1	GO:0004535	1.0
Q9UIV1	GO:0003676	1.0
Q9UIV1	GO:0030014	1.0
Q04432	GO:0003674	1.0
Q04432	GO:0008150	1.0
Q04432	GO:0005575	1.0
Q62277	GO:0008021	1.0
Q62277	GO:0016020	1.0
P41221	GO:0005576	1.0
P41221	GO:0016055	1.0
P41221	GO:0005102	1.0
P41221	GO:0007275	1.0
P33335	GO:0022857	1.0
P33335	GO:0055085	1.0
Q9BTY2	GO:0004560	1.0
Q9BTY2	GO:0006004	1.0
Q9BTY2	GO:0005975	1.0
Q5A2T6	GO:0022857	1.0
Q5A2T6	GO:0055085	1.0
P36119	GO:0006355	1.0
P36119	GO:0005634	1.0
P36119	GO:0008270	1.0
W7K139	GO:0006629	1.0
Q91820	GO:0005524	1.0
Q91820	GO:0007052	1.0
Q91820	GO:0000212	1.0
Q91820	GO:0007100	1.0
Q91820	GO:0004672	1.0
Q91820	GO:0007098	1.0
Q91820	GO:0000278	1.0
Q91820	GO:0000226	1.0
Q91820	GO:0006468	1.0
Q91820	GO:0051321	1.0
Q12476	GO:0003676	1.0
Q12476	GO:0043633	1.0
Q12476	GO:0008270	1.0
Q55E25	GO:0003674	1.0
Q55E25	GO:0008150	1.0
Q55E25	GO:0005575	1.0
Q6DR98	GO:0005102	1.0
Q6DR98	GO:0007399	1.0
P25376	GO:0006865	1.0
P25376	GO:0055085	1.0
P25376	GO:0016020	1.0
P70414	GO:0005432	1.0
P70414	GO:0055085	1.0
P70414	GO:0006816	1.0
P70414	GO:0007154	1.0
P70414	GO:0016020	1.0
P43145	GO:0005179	1.0
P43145	GO:0005576	1.0
Q62598	GO:0003674	1.0
Q62598	GO:0008150	1.0
Q62598	GO:0005575	1.0
A0A8A1UIS1	GO:0003674	1.0
A0A8A1UIS1	GO:0008150	1.0
A0A8A1UIS1	GO:0005575	1.0
Q9W4Q7	GO:0046983	1.0
P34233	GO:0043565	1.0
P34233	GO:0008270	1.0
P34233	GO:0006355	1.0
P33310	GO:0016887	1.0
P33310	GO:0005524	1.0
P33310	GO:0140359	1.0
P33310	GO:0016020	1.0
P33310	GO:0055085	1.0
Q7KTF9	GO:0006811	1.0
Q7KTF9	GO:0005230	1.0
Q7KTF9	GO:0022848	1.0
Q7KTF9	GO:0004888	1.0
Q7KTF9	GO:0016020	1.0
Q7KTF9	GO:0034220	1.0
Q7KTF9	GO:0045211	1.0
Q7KTF9	GO:0005216	1.0
Q8CJH2	GO:0003674	1.0
Q8CJH2	GO:0008150	1.0
Q8CJH2	GO:0005575	1.0
Q07807	GO:0003723	1.0
P0AFZ7	GO:0015379	1.0
P0AFZ7	GO:0016020	1.0
P0AFZ7	GO:0071805	1.0
P0AFZ7	GO:0006812	1.0
P0AFZ7	GO:0055085	1.0
P0AFZ7	GO:0008324	1.0
Q91YT7	GO:0003723	1.0
Q6PDZ4	GO:0008168	1.0
Q9FFY9	GO:0005515	1.0
P41888	GO:0005524	1.0
P41888	GO:0030975	1.0
P41888	GO:0004788	1.0
P41888	GO:0009229	1.0
P41888	GO:0006772	1.0
P23287	GO:0033192	1.0
P23287	GO:0016787	1.0
P23287	GO:0097720	1.0
P39572	GO:0003700	1.0
P39572	GO:0006355	1.0
P39572	GO:0006357	1.0
Q9SX27	GO:0006351	1.0
Q9SX27	GO:0003700	1.0
Q9SX27	GO:0006355	1.0
Q9SX27	GO:0043565	1.0
P53337	GO:0016020	1.0
Q9R257	GO:0003674	1.0
Q9R257	GO:0008150	1.0
Q9R257	GO:0005575	1.0
Q9UHD9	GO:0005515	1.0
P10600	GO:0005160	1.0
P10600	GO:0005615	1.0
P10600	GO:0005576	1.0
P10600	GO:0008083	1.0
Q84JK2	GO:0003700	1.0
Q84JK2	GO:0045893	1.0
Q84JK2	GO:0006355	1.0
Q9UHW9	GO:0006811	1.0
Q9UHW9	GO:0015377	1.0
Q9UHW9	GO:0015379	1.0
Q9UHW9	GO:0016020	1.0
Q9UHW9	GO:0022857	1.0
Q9UHW9	GO:0055085	1.0
Q04660	GO:0042254	1.0
Q04660	GO:0006364	1.0
Q04660	GO:0005515	1.0
Q6ZT98	GO:0036211	1.0
P13205	GO:0005179	1.0
P13205	GO:0005576	1.0
A1Z928	GO:0003714	1.0
A1Z928	GO:0006355	1.0
Q96RJ0	GO:0007186	1.0
Q96RJ0	GO:0001594	1.0
Q96RJ0	GO:0004930	1.0
Q96RJ0	GO:0016020	1.0
G0XYH3	GO:0016301	1.0
Q9D1J3	GO:0003674	1.0
Q9D1J3	GO:0008150	1.0
Q9D1J3	GO:0005575	1.0
P01584	GO:0005615	1.0
P01584	GO:0006954	1.0
P01584	GO:0005149	1.0
P01584	GO:0005125	1.0
P01584	GO:0006955	1.0
Q9BX46	GO:0003676	1.0
Q9BX46	GO:0003723	1.0
Q960V6	GO:0046872	1.0
Q61469	GO:0006644	1.0
Q00748	GO:0016887	1.0
Q00748	GO:0005524	1.0
Q00748	GO:0140359	1.0
Q00748	GO:0016020	1.0
Q00748	GO:0055085	1.0
Q9VDR7	GO:0003674	1.0
Q9VDR7	GO:0008150	1.0
Q9VDR7	GO:0005575	1.0
F7EMR7	GO:0016471	1.0
F7EMR7	GO:1902600	1.0
F7EMR7	GO:0046961	1.0
P70323	GO:0003700	1.0
P70323	GO:0045893	1.0
P70323	GO:0005634	1.0
P70323	GO:0006355	1.0
P70323	GO:0000978	1.0
Q7KN75	GO:0003676	1.0
Q7KN75	GO:0003723	1.0
P32189	GO:0016773	1.0
P32189	GO:0006072	1.0
P32189	GO:0004370	1.0
P32189	GO:0016301	1.0
P32189	GO:0005975	1.0
Q8MLV1	GO:0016628	1.0
Q8MLV1	GO:0016126	1.0
Q8MLV1	GO:0016020	1.0
F8VQ29	GO:0043087	1.0
F8VQ29	GO:0005515	1.0
O22969	GO:0003676	1.0
A2A935	GO:0046974	1.0
A2A935	GO:0005515	1.0
A0A0K3AUJ9	GO:0016491	1.0
A0A0K3AUJ9	GO:0016209	1.0
A0A0K3AUJ9	GO:0051920	1.0
Q00619	GO:0007186	1.0
Q00619	GO:0004932	1.0
Q00619	GO:0016020	1.0
Q6YUX0	GO:0040008	1.0
Q6YUX0	GO:0046983	1.0
Q6YUX0	GO:0006355	1.0
Q58WW2	GO:0005515	1.0
O43633	GO:0007034	1.0
Q92506	GO:0016491	1.0
Q5AL03	GO:0003674	1.0
Q5AL03	GO:0008150	1.0
Q5AL03	GO:0005575	1.0
P63159	GO:0005634	1.0
P63159	GO:0003677	1.0
O43529	GO:0008146	1.0
O43529	GO:0016051	1.0
O43529	GO:0016020	1.0
P17255	GO:0005524	1.0
P17255	GO:0003677	1.0
P17255	GO:0046034	1.0
P17255	GO:1902600	1.0
P17255	GO:0016539	1.0
P17255	GO:0046961	1.0
P17255	GO:0004519	1.0
P17255	GO:0030908	1.0
Q811T9	GO:0003674	1.0
Q811T9	GO:0008150	1.0
Q811T9	GO:0005575	1.0
P40976	GO:0003824	1.0
P40976	GO:0031177	1.0
P40976	GO:0004043	1.0
P40976	GO:0009085	1.0
Q0IIJ3	GO:0003779	1.0
Q0IIJ3	GO:0005856	1.0
Q0IIJ3	GO:0030036	1.0
P52910	GO:0016208	1.0
P52910	GO:0019427	1.0
P52910	GO:0003987	1.0
Q9IB53	GO:0030246	1.0
P54150	GO:0008113	1.0
P33644	GO:0003674	1.0
P33644	GO:0008150	1.0
P33644	GO:0005575	1.0
Q54CZ1	GO:0003674	1.0
Q54CZ1	GO:0008150	1.0
Q54CZ1	GO:0005575	1.0
Q681I0	GO:0046872	1.0
P43155	GO:0016746	1.0
Q7T103	GO:0003700	1.0
Q7T103	GO:0000981	1.0
Q7T103	GO:0003677	1.0
Q7T103	GO:0006355	1.0
Q5EG47	GO:0005524	1.0
Q5EG47	GO:0004679	1.0
Q5EG47	GO:0006468	1.0
Q5EG47	GO:0004672	1.0
Q04082	GO:0006506	1.0
Q04082	GO:0017176	1.0
Q21253	GO:0051015	1.0
Q02896	GO:0016811	1.0
Q02896	GO:0006672	1.0
Q02896	GO:0016020	1.0
P20447	GO:0005524	1.0
P20447	GO:0003676	1.0
P9WM67	GO:0003674	1.0
P9WM67	GO:0008150	1.0
P9WM67	GO:0005575	1.0
Q9Z2F7	GO:0043065	1.0
Q9Z2F7	GO:0005740	1.0
Q9Z2F7	GO:0016020	1.0
Q5LSQ6	GO:0003674	1.0
Q5LSQ6	GO:0008150	1.0
Q5LSQ6	GO:0005575	1.0
Q9Y5Y4	GO:0007186	1.0
Q9Y5Y4	GO:0004930	1.0
Q9Y5Y4	GO:0016020	1.0
O82122	GO:0003993	1.0
O75582	GO:0005524	1.0
O75582	GO:0004672	1.0
O75582	GO:0035556	1.0
O75582	GO:0000287	1.0
O75582	GO:0006468	1.0
O75582	GO:0004674	1.0
Q9LEB3	GO:0003676	1.0
Q9LEB3	GO:0003723	1.0
A6HHV7	GO:0006979	1.0
A6HHV7	GO:0004601	1.0
A6HHV7	GO:0020037	1.0
P03971	GO:0008406	1.0
P03971	GO:0008083	1.0
O65790	GO:0004497	1.0
O65790	GO:0016705	1.0
O65790	GO:0005506	1.0
O65790	GO:0020037	1.0
Q94A41	GO:0005509	1.0
Q94A41	GO:0004556	1.0
Q94A41	GO:0005975	1.0
Q4JL91	GO:0005524	1.0
Q4JL91	GO:0035299	1.0
P56389	GO:0003824	1.0
P56389	GO:0016787	1.0
P56389	GO:0009972	1.0
P56389	GO:0004126	1.0
P56389	GO:0008270	1.0
P19634	GO:1902600	1.0
P19634	GO:0015297	1.0
P19634	GO:0006885	1.0
P19634	GO:0006814	1.0
P19634	GO:0016020	1.0
P19634	GO:0006812	1.0
P19634	GO:0015385	1.0
P19634	GO:0055085	1.0
Q8N394	GO:0005515	1.0
P06876	GO:0006355	1.0
Q9V9R2	GO:0031461	1.0
Q9V9R2	GO:0006511	1.0
Q9V9R2	GO:0031625	1.0
Q54IR8	GO:0071203	1.0
Q9SMX1	GO:0016817	1.0
Q9SMX1	GO:0005524	1.0
Q9SMX1	GO:0003724	1.0
Q26364	GO:0003674	1.0
Q26364	GO:0008150	1.0
Q26364	GO:0005575	1.0
Q8WN98	GO:0005506	1.0
Q8WN98	GO:0050113	1.0
Q8WN98	GO:0019310	1.0
Q8WN98	GO:0005737	1.0
O65787	GO:0004497	1.0
O65787	GO:0016705	1.0
O65787	GO:0005506	1.0
O65787	GO:0020037	1.0
P40313	GO:0006508	1.0
P40313	GO:0004252	1.0
Q38F91	GO:0006508	1.0
Q38F91	GO:0046872	1.0
Q38F91	GO:0004222	1.0
Q5W7F1	GO:0017040	1.0
Q5W7F1	GO:0046514	1.0
Q9W3K5	GO:0003824	1.0
Q9W3K5	GO:0004357	1.0
Q9W3K5	GO:0006750	1.0
P13437	GO:0016747	1.0
P13437	GO:0016746	1.0
Q99J38	GO:0005515	1.0
Q04089	GO:0031151	1.0
Q04089	GO:0034729	1.0
Q04089	GO:0000077	1.0
Q04089	GO:0051726	1.0
Q04089	GO:0000786	1.0
Q04089	GO:0006281	1.0
Q04089	GO:0031509	1.0
Q04089	GO:0042393	1.0
Q12230	GO:0003674	1.0
Q12230	GO:0008150	1.0
Q12230	GO:0005575	1.0
P22734	GO:0016206	1.0
P22734	GO:0008171	1.0
P22734	GO:0000287	1.0
P22734	GO:0006584	1.0
P39967	GO:0004843	1.0
P39967	GO:0016579	1.0
P46971	GO:0006493	1.0
P46971	GO:0000030	1.0
P46971	GO:0016020	1.0
Q9Z1R2	GO:0005515	1.0
P32351	GO:0003674	1.0
P32351	GO:0008150	1.0
P32351	GO:0005575	1.0
Q8K596	GO:0005432	1.0
Q8K596	GO:0055085	1.0
Q8K596	GO:0006816	1.0
Q8K596	GO:0007154	1.0
Q8K596	GO:0016020	1.0
Q2Q551	GO:0070588	1.0
Q2Q551	GO:0005245	1.0
Q2Q551	GO:0005515	1.0
Q2Q551	GO:0005891	1.0
P35637	GO:0003676	1.0
P35637	GO:0003723	1.0
P35637	GO:0006355	1.0
Q38BP9	GO:0003676	1.0
Q38BP9	GO:0003723	1.0
A1Z6Z8	GO:0005524	1.0
A1Z6Z8	GO:0003774	1.0
A1Z6Z8	GO:0005515	1.0
A1Z6Z8	GO:0016459	1.0
P06211	GO:0003700	1.0
P06211	GO:0043401	1.0
P06211	GO:0030284	1.0
P06211	GO:0003677	1.0
P06211	GO:0005634	1.0
P06211	GO:0006355	1.0
P06211	GO:0043565	1.0
P06211	GO:0005496	1.0
P06211	GO:0003707	1.0
P06211	GO:0008270	1.0
D6XMN0	GO:0003674	1.0
D6XMN0	GO:0008150	1.0
D6XMN0	GO:0005575	1.0
P27882	GO:0016971	1.0
P27882	GO:0016972	1.0
P10417	GO:0042981	1.0
P10417	GO:0043066	1.0
P10417	GO:0016020	1.0
Q9FNP4	GO:0005515	1.0
P28584	GO:0005886	1.0
P28584	GO:0030007	1.0
P28584	GO:0016020	1.0
P28584	GO:0071805	1.0
P28584	GO:0006812	1.0
P28584	GO:0015079	1.0
P28584	GO:0055085	1.0
P28584	GO:0008324	1.0
Q12153	GO:0019843	1.0
Q12153	GO:0006364	1.0
P15938	GO:0005524	1.0
P15938	GO:0003676	1.0
O80839	GO:0003674	1.0
O80839	GO:0008150	1.0
O80839	GO:0005575	1.0
Q9EPK8	GO:0006811	1.0
Q9EPK8	GO:0005515	1.0
Q9EPK8	GO:0005216	1.0
Q9EPK8	GO:0055085	1.0
Q9EPK8	GO:0016020	1.0
Q583R7	GO:0016787	1.0
A0A0R4ILJ8	GO:0003674	1.0
A0A0R4ILJ8	GO:0008150	1.0
A0A0R4ILJ8	GO:0005575	1.0
P30532	GO:0006811	1.0
P30532	GO:0005230	1.0
P30532	GO:0022848	1.0
P30532	GO:0004888	1.0
P30532	GO:0016020	1.0
P30532	GO:0034220	1.0
P30532	GO:0045211	1.0
P30532	GO:0005216	1.0
Q9ZKJ5	GO:0003674	1.0
Q9ZKJ5	GO:0008150	1.0
Q9ZKJ5	GO:0005575	1.0
Q39249	GO:0046422	1.0
Q39249	GO:0010028	1.0
O43865	GO:0003674	1.0
O43865	GO:0008150	1.0
O43865	GO:0005575	1.0
P43273	GO:0006351	1.0
P43273	GO:0003700	1.0
P43273	GO:0006355	1.0
P43273	GO:0043565	1.0
Q969S8	GO:0003674	1.0
Q969S8	GO:0008150	1.0
Q969S8	GO:0005575	1.0
Q8GZB4	GO:0004623	1.0
Q8GZB4	GO:0005509	1.0
Q8GZB4	GO:0006644	1.0
Q8GZB4	GO:0050482	1.0
Q8GZB4	GO:0016042	1.0
P27931	GO:0004908	1.0
P27931	GO:0004910	1.0
Q6UWW8	GO:0003674	1.0
Q6UWW8	GO:0008150	1.0
Q6UWW8	GO:0005575	1.0
P25519	GO:0005525	1.0
P11214	GO:0031639	1.0
P11214	GO:0005576	1.0
P11214	GO:0004252	1.0
P11214	GO:0006508	1.0
Q9UBM8	GO:0003674	1.0
Q9UBM8	GO:0008150	1.0
Q9UBM8	GO:0005575	1.0
Q9UN76	GO:0016020	1.0
Q8SY14	GO:0005515	1.0
Q9XJ29	GO:0000162	1.0
Q9XJ29	GO:0009058	1.0
Q9XJ29	GO:0004049	1.0
Q9D945	GO:0003674	1.0
Q9D945	GO:0008150	1.0
Q9D945	GO:0005575	1.0
Q99PT1	GO:0005515	1.0
Q99PT1	GO:0007266	1.0
Q99PT1	GO:0005094	1.0
Q99PT1	GO:0005737	1.0
P39714	GO:0016491	1.0
P39714	GO:0008270	1.0
Q923S6	GO:0003674	1.0
Q923S6	GO:0008150	1.0
Q923S6	GO:0005575	1.0
P32239	GO:0007186	1.0
P32239	GO:0004930	1.0
P32239	GO:0015054	1.0
P32239	GO:0016020	1.0
P60624	GO:0005840	1.0
P60624	GO:0006412	1.0
P60624	GO:0003735	1.0
P60624	GO:0003723	1.0
M9NGC6	GO:0005524	1.0
M9NGC6	GO:0006468	1.0
M9NGC6	GO:0004672	1.0
P15499	GO:0007601	1.0
P15499	GO:0016020	1.0
P50079	GO:0005515	1.0
Q9D0P7	GO:0003674	1.0
Q9D0P7	GO:0008150	1.0
Q9D0P7	GO:0005575	1.0
Q61473	GO:0003674	1.0
Q61473	GO:0008150	1.0
Q61473	GO:0005575	1.0
O00909	GO:0005525	1.0
O00909	GO:0003924	1.0
Q8L7C9	GO:0004364	1.0
Q8L7C9	GO:0006749	1.0
P41180	GO:0007186	1.0
P41180	GO:0004930	1.0
P41180	GO:0016020	1.0
Q9BZJ8	GO:0007186	1.0
Q9BZJ8	GO:0004930	1.0
Q9BZJ8	GO:0016020	1.0
Q8IVG9	GO:0003674	1.0
Q8IVG9	GO:0008150	1.0
Q8IVG9	GO:0005575	1.0
Q9GSG9	GO:0003779	1.0
Q9GSG9	GO:0007015	1.0
P31647	GO:0005332	1.0
P31647	GO:0005886	1.0
P31647	GO:0006836	1.0
P31647	GO:0016020	1.0
P15531	GO:0006241	1.0
P15531	GO:0004550	1.0
P15531	GO:0006228	1.0
P15531	GO:0006183	1.0
Q8LAV5	GO:0003677	1.0
Q8WZ04	GO:0008171	1.0
P97306	GO:0005515	1.0
Q61335	GO:0005783	1.0
Q61335	GO:0006886	1.0
Q61335	GO:0016020	1.0
Q04477	GO:0003674	1.0
Q04477	GO:0008150	1.0
Q04477	GO:0005575	1.0
Q08647	GO:0009451	1.0
Q08647	GO:0009982	1.0
Q08647	GO:0001522	1.0
Q08647	GO:0003723	1.0
Q385Z1	GO:0051560	1.0
P11232	GO:0015035	1.0
Q9W027	GO:0007186	1.0
Q9W027	GO:0008528	1.0
Q9W027	GO:0004930	1.0
Q9W027	GO:0016020	1.0
Q9NDI1	GO:0007186	1.0
Q9NDI1	GO:0016500	1.0
Q9NDI1	GO:0005515	1.0
Q9NDI1	GO:0004930	1.0
Q9NDI1	GO:0016020	1.0
B1AWD1	GO:0004114	1.0
B1AWD1	GO:0008081	1.0
B1AWD1	GO:0007165	1.0
Q92889	GO:0003697	1.0
Q92889	GO:0004518	1.0
Q92889	GO:0003677	1.0
Q92889	GO:0006281	1.0
Q92889	GO:0004520	1.0
Q9UNF0	GO:0097320	1.0
Q9UNF0	GO:0070836	1.0
Q9UNF0	GO:0030036	1.0
Q9UNF0	GO:0005515	1.0
A0A2K8FQU5	GO:0003674	1.0
A0A2K8FQU5	GO:0008150	1.0
A0A2K8FQU5	GO:0005575	1.0
Q9BZJ7	GO:0007186	1.0
Q9BZJ7	GO:0004930	1.0
Q9BZJ7	GO:0016020	1.0
Q9BVS5	GO:0031515	1.0
Q9BVS5	GO:0030488	1.0
Q9BVS5	GO:0160107	1.0
Q14240	GO:0005524	1.0
Q14240	GO:0003676	1.0
Q14240	GO:0003724	1.0
Q9VJ14	GO:0016567	1.0
Q9VJ14	GO:0004842	1.0
Q9VJ14	GO:0005515	1.0
Q9VJ14	GO:0046872	1.0
Q9VJ14	GO:0008270	1.0
Q8WSF2	GO:0004725	1.0
Q8WSF2	GO:0008092	1.0
Q8WSF2	GO:0016311	1.0
Q8WSF2	GO:0005856	1.0
Q8WSF2	GO:0005515	1.0
Q8WSF2	GO:0006470	1.0
Q960X8	GO:0046872	1.0
Q960X8	GO:0043130	1.0
Q960X8	GO:0035091	1.0
O59790	GO:0005524	1.0
O59790	GO:0006468	1.0
O59790	GO:0004672	1.0
A0A8I6AP99	GO:0004407	1.0
A0A8I6AP99	GO:0016575	1.0
Q13888	GO:0006351	1.0
Q13888	GO:0000439	1.0
Q13888	GO:0006281	1.0
Q13888	GO:0006289	1.0
Q13888	GO:0008270	1.0
Q09147	GO:0005524	1.0
Q09147	GO:0004713	1.0
Q09147	GO:0006468	1.0
Q09147	GO:0004672	1.0
Q9SVG4	GO:0016491	1.0
Q9SVG4	GO:0050660	1.0
Q9SVG4	GO:0071949	1.0
Q54RP0	GO:0005515	1.0
B2RXS4	GO:0017154	1.0
B2RXS4	GO:0071526	1.0
B2RXS4	GO:0005515	1.0
P16356	GO:0006351	1.0
P16356	GO:0003677	1.0
P16356	GO:0006366	1.0
P16356	GO:0003899	1.0
Q9EPR9	GO:0004114	1.0
Q9EPR9	GO:0008081	1.0
Q9EPR9	GO:0007165	1.0
Q5ARJ0	GO:0003676	1.0
Q5ARJ0	GO:0003723	1.0
Q41735	GO:0003700	1.0
Q41735	GO:0006355	1.0
Q41735	GO:0043565	1.0
P54358	GO:0003676	1.0
P54358	GO:0003677	1.0
P54358	GO:0000166	1.0
P54358	GO:0003887	1.0
P38817	GO:0006886	1.0
P38817	GO:0043130	1.0
P38817	GO:0035091	1.0
P38817	GO:0016192	1.0
Q9NVI1	GO:0006281	1.0
O22265	GO:0005515	1.0
Q8LET2	GO:0010945	1.0
Q8GY91	GO:0034599	1.0
Q8GY91	GO:0006979	1.0
Q8GY91	GO:0004601	1.0
Q8GY91	GO:0020037	1.0
P25360	GO:0055085	1.0
P25360	GO:0016020	1.0
Q06156	GO:0005634	1.0
Q06156	GO:0000278	1.0
Q06156	GO:0007076	1.0
Q06156	GO:0030261	1.0
Q14CZ7	GO:0044528	1.0
Q8T9I5	GO:0003674	1.0
Q8T9I5	GO:0008150	1.0
Q8T9I5	GO:0005575	1.0
Q12874	GO:0003676	1.0
Q12874	GO:0005634	1.0
Q12874	GO:0000398	1.0
Q12874	GO:0005681	1.0
Q12874	GO:0003723	1.0
Q12874	GO:0008270	1.0
P34227	GO:0016491	1.0
P34227	GO:0098869	1.0
P34227	GO:0016209	1.0
P34227	GO:0051920	1.0
A5HTT2	GO:0016020	1.0
P15153	GO:0005525	1.0
P15153	GO:0007264	1.0
P15153	GO:0003924	1.0
P24171	GO:0004222	1.0
P24171	GO:0008233	1.0
P24171	GO:0006508	1.0
P24171	GO:0008237	1.0
Q8VEE1	GO:0008270	1.0
Q91V41	GO:0090382	1.0
Q91V41	GO:0032456	1.0
Q91V41	GO:0042742	1.0
Q91V41	GO:0045335	1.0
Q91V41	GO:0003924	1.0
Q91V41	GO:0005525	1.0
Q91V41	GO:0005802	1.0
Q91V41	GO:0006895	1.0
Q91V41	GO:0055037	1.0
P00185	GO:0016712	1.0
P00185	GO:0004497	1.0
P00185	GO:0016705	1.0
P00185	GO:0005506	1.0
P00185	GO:0020037	1.0
O95363	GO:0005524	1.0
O95363	GO:0005737	1.0
O95363	GO:0043039	1.0
O95363	GO:0000166	1.0
O95363	GO:0006432	1.0
O95363	GO:0004812	1.0
O95363	GO:0004826	1.0
O95363	GO:0000049	1.0
Q8R2W9	GO:0005524	1.0
Q8R2W9	GO:0004594	1.0
Q8R2W9	GO:0015937	1.0
P08928	GO:0003674	1.0
P08928	GO:0008150	1.0
P08928	GO:0005575	1.0
P80093	GO:0016491	1.0
P80093	GO:0016117	1.0
P80093	GO:0016166	1.0
P01555	GO:0090729	1.0
P01555	GO:0005615	1.0
G5EF71	GO:0043565	1.0
G5EF71	GO:0008270	1.0
G5EF71	GO:0006355	1.0
Q388R8	GO:0008654	1.0
Q388R8	GO:0016780	1.0
Q388R8	GO:0016020	1.0
F4HQG6	GO:0005524	1.0
F4HQG6	GO:0016787	1.0
F4HQG6	GO:0006396	1.0
F4HQG6	GO:0003677	1.0
F4HQG6	GO:0005515	1.0
F4HQG6	GO:0006364	1.0
F4HQG6	GO:0016891	1.0
F4HQG6	GO:0004525	1.0
F4HQG6	GO:0003723	1.0
Q7KA43	GO:0005680	1.0
Q7KA43	GO:0061630	1.0
Q7KA43	GO:0097602	1.0
Q7KA43	GO:0031145	1.0
Q7KA43	GO:0008270	1.0
Q86AT8	GO:0005524	1.0
Q86AT8	GO:0006468	1.0
Q86AT8	GO:0004672	1.0
Q86AT8	GO:0005515	1.0
Q9BSI4	GO:0016233	1.0
Q9BSI4	GO:0070187	1.0
O74503	GO:0003674	1.0
O74503	GO:0008150	1.0
O74503	GO:0005575	1.0
A0A0G2K1V4	GO:0005524	1.0
A0A0G2K1V4	GO:0003774	1.0
A0A0G2K1V4	GO:0005515	1.0
A0A0G2K1V4	GO:0051015	1.0
A0A0G2K1V4	GO:0016459	1.0
Q7KW09	GO:0003674	1.0
Q7KW09	GO:0008150	1.0
Q7KW09	GO:0005575	1.0
Q9CR42	GO:0005515	1.0
Q9U4W9	GO:0007219	1.0
Q9U4W9	GO:0007423	1.0
Q8R515	GO:0003677	1.0
Q15628	GO:0060090	1.0
Q15628	GO:0043123	1.0
Q15628	GO:0005515	1.0
Q15628	GO:0007165	1.0
P35232	GO:0016020	1.0
Q04847	GO:0003674	1.0
Q04847	GO:0008150	1.0
Q04847	GO:0005575	1.0
Q9Z2I0	GO:0043022	1.0
Q9Z2I0	GO:0005743	1.0
Q9Z1L3	GO:0006915	1.0
Q9Z1L3	GO:0042981	1.0
Q9Z1L3	GO:0005515	1.0
E9Q0S6	GO:0005515	1.0
P63058	GO:0003700	1.0
P63058	GO:0003677	1.0
P63058	GO:0006355	1.0
P63058	GO:0043565	1.0
P63058	GO:0004879	1.0
P63058	GO:0008270	1.0
P17787	GO:0006811	1.0
P17787	GO:0005230	1.0
P17787	GO:0022848	1.0
P17787	GO:0004888	1.0
P17787	GO:0016020	1.0
P17787	GO:0034220	1.0
P17787	GO:0045211	1.0
P17787	GO:0005216	1.0
Q1ENB6	GO:0044237	1.0
Q1ENB6	GO:0003848	1.0
Q1ENB6	GO:0009396	1.0
Q1ENB6	GO:0004156	1.0
Q1ENB6	GO:0042558	1.0
Q8LF80	GO:0005524	1.0
Q8LF80	GO:0006468	1.0
Q8LF80	GO:0004672	1.0
Q9Y5U2	GO:0003674	1.0
Q9Y5U2	GO:0008150	1.0
Q9Y5U2	GO:0005575	1.0
O97102	GO:0005515	1.0
Q8H991	GO:0003677	1.0
Q62751	GO:0003674	1.0
Q62751	GO:0008150	1.0
Q62751	GO:0005575	1.0
Q804S5	GO:0016567	1.0
Q804S5	GO:0004842	1.0
Q804S5	GO:0005515	1.0
Q804S5	GO:0046872	1.0
Q804S5	GO:0008270	1.0
P00966	GO:0005524	1.0
P00966	GO:0004055	1.0
P00966	GO:0006526	1.0
Q941Q3	GO:0046872	1.0
Q9ZP06	GO:0030060	1.0
Q9ZP06	GO:0016615	1.0
Q9ZP06	GO:0016491	1.0
Q9ZP06	GO:0019752	1.0
Q9ZP06	GO:0003824	1.0
Q9ZP06	GO:0006108	1.0
Q9ZP06	GO:0016616	1.0
Q9ZP06	GO:0006099	1.0
P17182	GO:0000015	1.0
P17182	GO:0004634	1.0
P17182	GO:0000287	1.0
P17182	GO:0006096	1.0
P08103	GO:0005524	1.0
P08103	GO:0004713	1.0
P08103	GO:0006468	1.0
P08103	GO:0004672	1.0
P08103	GO:0005515	1.0
G5E8P1	GO:0005515	1.0
Q9BWW7	GO:0003674	1.0
Q9BWW7	GO:0008150	1.0
Q9BWW7	GO:0005575	1.0
P30679	GO:0007186	1.0
P30679	GO:0031683	1.0
P30679	GO:0003924	1.0
P30679	GO:0007165	1.0
P30679	GO:0019001	1.0
P30679	GO:0001664	1.0
Q9QXP0	GO:0005886	1.0
Q9QXP0	GO:0072488	1.0
Q9QXP0	GO:0008519	1.0
Q9QXP0	GO:0016020	1.0
Q9LJE2	GO:0005524	1.0
Q9LJE2	GO:0006430	1.0
Q9LJE2	GO:0006418	1.0
Q9LJE2	GO:0000166	1.0
Q9LJE2	GO:0003676	1.0
Q9LJE2	GO:0004812	1.0
Q9LJE2	GO:0005737	1.0
Q9LJE2	GO:0004824	1.0
P42787	GO:0004181	1.0
P42787	GO:0006508	1.0
P42787	GO:0008270	1.0
O65390	GO:0006629	1.0
O65390	GO:0006508	1.0
O65390	GO:0004190	1.0
P0ABQ4	GO:0050661	1.0
P0ABQ4	GO:0046654	1.0
P0ABQ4	GO:0006545	1.0
P0ABQ4	GO:0004146	1.0
Q94AX2	GO:0003674	1.0
Q94AX2	GO:0008150	1.0
Q94AX2	GO:0005575	1.0
Q9SRT3	GO:0003674	1.0
Q9SRT3	GO:0008150	1.0
Q9SRT3	GO:0005575	1.0
D3ZW27	GO:0005524	1.0
D3ZW27	GO:0006468	1.0
D3ZW27	GO:0004672	1.0
D3ZW27	GO:0000165	1.0
Q5XI73	GO:0005515	1.0
Q5XI73	GO:0007266	1.0
Q5XI73	GO:0005094	1.0
Q5XI73	GO:0005737	1.0
P0A6L0	GO:0016829	1.0
P0A6L0	GO:0009264	1.0
P0A6L0	GO:0005737	1.0
P0A6L0	GO:0004139	1.0
P54658	GO:0003674	1.0
P54658	GO:0008150	1.0
P54658	GO:0005575	1.0
Q12339	GO:0032040	1.0
O88602	GO:0005245	1.0
O88602	GO:0070588	1.0
O88602	GO:0005891	1.0
O88602	GO:0006816	1.0
O88602	GO:0016020	1.0
P91399	GO:0003674	1.0
P91399	GO:0008150	1.0
P91399	GO:0005575	1.0
Q9VXP1	GO:0061630	1.0
Q9VXP1	GO:0005783	1.0
Q9VXP1	GO:0006511	1.0
Q9VXP1	GO:0046872	1.0
Q56X76	GO:0005524	1.0
Q56X76	GO:0003676	1.0
Q56X76	GO:0003724	1.0
P0A6J8	GO:0005524	1.0
P0A6J8	GO:0008716	1.0
P0A6J8	GO:0005737	1.0
P0A6J8	GO:0046872	1.0
P62813	GO:0004890	1.0
P62813	GO:0006811	1.0
P62813	GO:0005230	1.0
P62813	GO:0006821	1.0
P62813	GO:0004888	1.0
P62813	GO:0016020	1.0
P62813	GO:0034220	1.0
P62813	GO:0007214	1.0
P62813	GO:0005216	1.0
Q9H161	GO:0000981	1.0
Q9H161	GO:0003677	1.0
Q9H161	GO:0006355	1.0
P38992	GO:0016491	1.0
P38992	GO:0008610	1.0
P38992	GO:0005506	1.0
Q7L5A8	GO:0006629	1.0
Q7L5A8	GO:0016020	1.0
Q7L5A8	GO:0016491	1.0
Q7L5A8	GO:0005506	1.0
Q7L5A8	GO:0008610	1.0
Q7L5A8	GO:0080132	1.0
Q7L5A8	GO:0020037	1.0
Q8IYK4	GO:0003674	1.0
Q8IYK4	GO:0008150	1.0
Q8IYK4	GO:0005575	1.0
A0A8I5Y222	GO:0005634	1.0
A0A8I5Y222	GO:0006355	1.0
A0A8I5Y222	GO:0005515	1.0
A0A8I5Y222	GO:0016573	1.0
A0A8I5Y222	GO:0004402	1.0
A0A8I5Y222	GO:0016747	1.0
Q16566	GO:0005524	1.0
Q16566	GO:0006468	1.0
Q16566	GO:0004672	1.0
P26232	GO:0005198	1.0
P26232	GO:0045296	1.0
P26232	GO:0007155	1.0
P26232	GO:0015629	1.0
P26232	GO:0051015	1.0
G5EDP9	GO:0003674	1.0
G5EDP9	GO:0008150	1.0
G5EDP9	GO:0005575	1.0
Q8N6Q3	GO:0003674	1.0
Q8N6Q3	GO:0008150	1.0
Q8N6Q3	GO:0005575	1.0
Q9Y2Y4	GO:0005515	1.0
Q945P1	GO:0003674	1.0
Q945P1	GO:0008150	1.0
Q945P1	GO:0005575	1.0
P32318	GO:0009228	1.0
Q94A57	GO:0003700	1.0
Q94A57	GO:0003677	1.0
O15727	GO:0016799	1.0
O81851	GO:0003674	1.0
O81851	GO:0008150	1.0
O81851	GO:0005575	1.0
Q00646	GO:0005524	1.0
Q00646	GO:0006468	1.0
Q00646	GO:0004672	1.0
Q9GQ00	GO:0006811	1.0
Q9GQ00	GO:0005230	1.0
Q9GQ00	GO:0004888	1.0
Q9GQ00	GO:0016020	1.0
Q9GQ00	GO:0034220	1.0
Q9GQ00	GO:0005216	1.0
Q9SGA2	GO:0006629	1.0
Q9SGA2	GO:0008081	1.0
Q9VQC0	GO:0022857	1.0
Q9VQC0	GO:0055085	1.0
Q10452	GO:0005524	1.0
Q10452	GO:0006468	1.0
Q10452	GO:0004672	1.0
Q3SYC2	GO:0008374	1.0
Q02013	GO:0015267	1.0
Q02013	GO:0055085	1.0
Q02013	GO:0016020	1.0
P54811	GO:0016887	1.0
P54811	GO:0005524	1.0
P54811	GO:0016787	1.0
Q13351	GO:0003674	1.0
Q13351	GO:0008150	1.0
Q13351	GO:0005575	1.0
Q7Z5W3	GO:0008168	1.0
Q12427	GO:0003674	1.0
Q12427	GO:0008150	1.0
Q12427	GO:0005575	1.0
O65282	GO:0005524	1.0
O65282	GO:0006457	1.0
O65282	GO:0046914	1.0
O65282	GO:0044183	1.0
O65282	GO:1901671	1.0
P51557	GO:0120020	1.0
P51557	GO:0015485	1.0
P51557	GO:0005739	1.0
P51557	GO:0008289	1.0
P51557	GO:0006694	1.0
P54646	GO:0005524	1.0
P54646	GO:0004679	1.0
P54646	GO:0006468	1.0
P54646	GO:0004672	1.0
P42826	GO:0004856	1.0
P42826	GO:0042732	1.0
P42826	GO:0016301	1.0
P42826	GO:0005975	1.0
Q61045	GO:0003700	1.0
Q61045	GO:0003677	1.0
Q61045	GO:0046983	1.0
Q61045	GO:0006355	1.0
Q61045	GO:0005515	1.0
P35281	GO:0005525	1.0
P35281	GO:0003924	1.0
Q80SW1	GO:0003674	1.0
Q80SW1	GO:0008150	1.0
Q80SW1	GO:0005575	1.0
Q8R191	GO:0016020	1.0
P24807	GO:0007155	1.0
Q9WV69	GO:0003779	1.0
Q9WV69	GO:0007010	1.0
P21952	GO:0003700	1.0
P21952	GO:0000981	1.0
P21952	GO:0003677	1.0
P21952	GO:0005634	1.0
P21952	GO:0006355	1.0
P21952	GO:0006357	1.0
P21952	GO:0007420	1.0
Q8IR86	GO:0030867	1.0
Q8IR86	GO:0023041	1.0
Q54HS9	GO:0006886	1.0
Q54HS9	GO:0030131	1.0
Q54HS9	GO:0016192	1.0
P00912	GO:0000162	1.0
P00912	GO:0004640	1.0
P00912	GO:0006568	1.0
P13637	GO:0016887	1.0
P13637	GO:0005524	1.0
P13637	GO:0008556	1.0
P13637	GO:0000166	1.0
P13637	GO:0016020	1.0
P13637	GO:0005215	1.0
P13637	GO:0006813	1.0
B5A5T4	GO:0032222	1.0
B5A5T4	GO:1903818	1.0
B5A5T4	GO:0030431	1.0
Q9W148	GO:0003674	1.0
Q9W148	GO:0008150	1.0
Q9W148	GO:0005575	1.0
P28356	GO:0006351	1.0
P28356	GO:0000981	1.0
P28356	GO:0005634	1.0
P28356	GO:0003677	1.0
P28356	GO:0006355	1.0
Q9VS05	GO:0003700	1.0
Q9VS05	GO:0006355	1.0
Q9VS05	GO:0043565	1.0
P51792	GO:0005247	1.0
P51792	GO:0016020	1.0
P51792	GO:0006821	1.0
P51792	GO:0055085	1.0
P30203	GO:0016020	1.0
P38009	GO:0003824	1.0
P38009	GO:0006164	1.0
P38009	GO:0003937	1.0
P38009	GO:0004643	1.0
G3V6G7	GO:0006402	1.0
G3V6G7	GO:0003676	1.0
G3V6G7	GO:0004654	1.0
G3V6G7	GO:0006396	1.0
G3V6G7	GO:0003723	1.0
Q10362	GO:0005515	1.0
Q8C6A8	GO:0046983	1.0
P04051	GO:0006351	1.0
P04051	GO:0003677	1.0
P04051	GO:0003899	1.0
P10158	GO:0003700	1.0
P10158	GO:0003677	1.0
P10158	GO:0006355	1.0
P10158	GO:0006357	1.0
Q02606	GO:0003674	1.0
Q02606	GO:0008150	1.0
Q02606	GO:0005575	1.0
O75593	GO:0003700	1.0
O75593	GO:0006355	1.0
O75593	GO:0043565	1.0
Q8I7C6	GO:0003950	1.0
P87179	GO:0003674	1.0
P87179	GO:0008150	1.0
P87179	GO:0005575	1.0
P45464	GO:0042597	1.0
P45464	GO:0004553	1.0
P45464	GO:0005515	1.0
O89049	GO:0016491	1.0
O89049	GO:0050660	1.0
O89049	GO:0004791	1.0
O89049	GO:0045454	1.0
O89049	GO:0016668	1.0
Q9VJY9	GO:0003674	1.0
Q9VJY9	GO:0008150	1.0
Q9VJY9	GO:0005575	1.0
Q99JR6	GO:0003824	1.0
Q99JR6	GO:0009058	1.0
Q99JR6	GO:0004515	1.0
Q99JR6	GO:0009435	1.0
Q99JR6	GO:0000309	1.0
Q99JR6	GO:0016779	1.0
Q9NXV6	GO:0003674	1.0
Q9NXV6	GO:0008150	1.0
Q9NXV6	GO:0005575	1.0
F4I9G2	GO:0003674	1.0
F4I9G2	GO:0008150	1.0
F4I9G2	GO:0005575	1.0
Q8K202	GO:0006351	1.0
Q8K202	GO:0003677	1.0
A1KYB4	GO:0006811	1.0
A1KYB4	GO:0005230	1.0
A1KYB4	GO:0004888	1.0
A1KYB4	GO:0016020	1.0
A1KYB4	GO:0034220	1.0
A1KYB4	GO:0005216	1.0
P05852	GO:0002949	1.0
P18418	GO:0051082	1.0
P18418	GO:0005783	1.0
P18418	GO:0005515	1.0
P18418	GO:0006457	1.0
P18418	GO:0005509	1.0
Q09436	GO:0003729	1.0
Q09436	GO:0046872	1.0
A4VAR9	GO:0005509	1.0
A4VAR9	GO:0016010	1.0
A4VAR9	GO:0016020	1.0
Q06538	GO:0005227	1.0
Q06538	GO:0016020	1.0
P9WFZ1	GO:0031515	1.0
P9WFZ1	GO:0030488	1.0
P9WFZ1	GO:0160107	1.0
A6HE59	GO:0003676	1.0
A6HE59	GO:0003723	1.0
Q7ZTA2	GO:0007186	1.0
Q7ZTA2	GO:0004977	1.0
Q7ZTA2	GO:0004930	1.0
Q7ZTA2	GO:0016020	1.0
P63239	GO:0008236	1.0
P63239	GO:0004252	1.0
P63239	GO:0006508	1.0
Q9H3R5	GO:0051382	1.0
Q9H3R5	GO:0000776	1.0
P56937	GO:0000253	1.0
P56937	GO:0006694	1.0
Q8VE43	GO:0003674	1.0
Q8VE43	GO:0008150	1.0
Q8VE43	GO:0005575	1.0
Q9USR1	GO:0003674	1.0
Q9USR1	GO:0008150	1.0
Q9USR1	GO:0005575	1.0
Q9NQG7	GO:0016192	1.0
Q96JT2	GO:0022857	1.0
Q96JT2	GO:0055085	1.0
P41999	GO:0003700	1.0
P41999	GO:0006355	1.0
P41999	GO:0043565	1.0
P41999	GO:0000978	1.0
P41999	GO:0008270	1.0
P24383	GO:0005576	1.0
P24383	GO:0016055	1.0
P24383	GO:0005102	1.0
P24383	GO:0007275	1.0
O74450	GO:0008033	1.0
O74450	GO:0006364	1.0
O54952	GO:0005634	1.0
O54952	GO:0003677	1.0
O54952	GO:0006974	1.0
O54952	GO:0046872	1.0
O54952	GO:0004842	1.0
O54952	GO:0006281	1.0
O54952	GO:0008270	1.0
O54834	GO:0007165	1.0
Q8R0I0	GO:0006508	1.0
Q8R0I0	GO:0008241	1.0
Q8R0I0	GO:0016020	1.0
Q8R0I0	GO:0008237	1.0
Q9WV93	GO:0046983	1.0
Q9WV93	GO:0003677	1.0
Q9WV93	GO:0006355	1.0
P01119	GO:0005525	1.0
P01119	GO:0003924	1.0
P01119	GO:0007165	1.0
P01119	GO:0016020	1.0
P53320	GO:1990542	1.0
P23359	GO:0008083	1.0
P23359	GO:0005576	1.0
Q9ESH6	GO:0003674	1.0
Q9ESH6	GO:0008150	1.0
Q9ESH6	GO:0005575	1.0
O05442	GO:0061810	1.0
P06909	GO:0003674	1.0
P06909	GO:0008150	1.0
P06909	GO:0005575	1.0
P68181	GO:0005524	1.0
P68181	GO:0006468	1.0
P68181	GO:0004672	1.0
P68181	GO:0004674	1.0
Q9W0K7	GO:0003677	1.0
Q9W0K7	GO:0005515	1.0
Q8R1A6	GO:0006508	1.0
Q8R1A6	GO:0004252	1.0
Q3EDG5	GO:0008146	1.0
Q3EDG5	GO:0016020	1.0
Q9Z1L1	GO:0005198	1.0
Q9Z1L1	GO:0005923	1.0
Q9Z1L1	GO:0016020	1.0
Q7PLL3	GO:0003676	1.0
Q7PLL3	GO:0003723	1.0
Q12051	GO:0008299	1.0
P32487	GO:0006865	1.0
P32487	GO:0055085	1.0
P32487	GO:0016020	1.0
P38141	GO:0000981	1.0
P38141	GO:0006355	1.0
P38141	GO:0008270	1.0
F4ILG6	GO:0016567	1.0
F4ILG6	GO:0004842	1.0
F4ILG6	GO:0005515	1.0
Q9VSM8	GO:0003674	1.0
Q9VSM8	GO:0008150	1.0
Q9VSM8	GO:0005575	1.0
Q64321	GO:0005515	1.0
Q8IUI8	GO:0005515	1.0
P9WN21	GO:0006094	1.0
P9WN21	GO:0042132	1.0
P9WN21	GO:0006071	1.0
O14283	GO:0000160	1.0
O14283	GO:0003700	1.0
O14283	GO:0000156	1.0
O14283	GO:0006355	1.0
O14283	GO:0043565	1.0
Q84LM2	GO:0006508	1.0
Q84LM2	GO:0004197	1.0
Q84LM2	GO:0008233	1.0
Q84LM2	GO:0051603	1.0
I1S9X9	GO:0006914	1.0
P55284	GO:0098609	1.0
P55284	GO:0007156	1.0
P55284	GO:0005509	1.0
P55284	GO:0007155	1.0
P55284	GO:0005886	1.0
P55284	GO:0016020	1.0
B9EJ57	GO:0003690	1.0
B9EJ57	GO:0006355	1.0
Q12235	GO:0022857	1.0
Q12235	GO:0055085	1.0
Q8K4C8	GO:0005515	1.0
Q8K4C8	GO:0004888	1.0
Q8K4C8	GO:0007166	1.0
Q8K4C8	GO:0016020	1.0
P68739	GO:0006281	1.0
P68739	GO:0004519	1.0
P29456	GO:0005125	1.0
P29456	GO:0005576	1.0
P29456	GO:0006955	1.0
Q5XI90	GO:0003674	1.0
Q5XI90	GO:0008150	1.0
Q5XI90	GO:0005575	1.0
P52800	GO:0048013	1.0
P52800	GO:0046875	1.0
P52800	GO:0016020	1.0
P53846	GO:0003674	1.0
P53846	GO:0008150	1.0
P53846	GO:0005575	1.0
Q8C025	GO:0008654	1.0
Q8C025	GO:0016780	1.0
Q8C025	GO:0016020	1.0
Q6Q783	GO:0034772	1.0
Q6Q783	GO:0005515	1.0
Q6Q783	GO:0042799	1.0
P0DP23	GO:0005509	1.0
O94267	GO:0035101	1.0
Q9FX53	GO:0003674	1.0
Q9FX53	GO:0008150	1.0
Q9FX53	GO:0005575	1.0
F6W2R2	GO:0006355	1.0
F6W2R2	GO:0005634	1.0
F6W2R2	GO:0005515	1.0
F6W2R2	GO:0043565	1.0
P97391	GO:0004623	1.0
P97391	GO:0005509	1.0
P97391	GO:0006644	1.0
P97391	GO:0050482	1.0
P97391	GO:0016042	1.0
Q9SM57	GO:0044070	1.0
Q9SM57	GO:0008308	1.0
Q8JHX6	GO:0005520	1.0
Q8JHX6	GO:0005576	1.0
Q2QLV9	GO:0009058	1.0
Q2QLV9	GO:0004311	1.0
Q2QLV9	GO:0016765	1.0
Q9MAP5	GO:0008236	1.0
Q9MAP5	GO:0004252	1.0
Q9MAP5	GO:0006508	1.0
Q62600	GO:0005516	1.0
Q62600	GO:0016491	1.0
Q62600	GO:0010181	1.0
Q62600	GO:0004517	1.0
Q62600	GO:0050660	1.0
Q62600	GO:0050661	1.0
Q62600	GO:0006809	1.0
Q62600	GO:0020037	1.0
J9S2W1	GO:0003674	1.0
J9S2W1	GO:0008150	1.0
J9S2W1	GO:0005575	1.0
Q92747	GO:0005885	1.0
Q92747	GO:0034314	1.0
Q92747	GO:0005515	1.0
Q92747	GO:0015629	1.0
P52624	GO:0003824	1.0
P52624	GO:0004850	1.0
P52624	GO:0005737	1.0
P52624	GO:0009116	1.0
P52624	GO:0009166	1.0
P52624	GO:0016763	1.0
Q17489	GO:0003674	1.0
Q17489	GO:0008150	1.0
Q17489	GO:0005575	1.0
A0A8I6B5D5	GO:0008083	1.0
Q8R151	GO:0004386	1.0
Q8R151	GO:0005634	1.0
Q8R151	GO:0008270	1.0
Q8VZ20	GO:0003674	1.0
Q8VZ20	GO:0008150	1.0
Q8VZ20	GO:0005575	1.0
Q05860	GO:0005884	1.0
Q05860	GO:0008017	1.0
Q05860	GO:0045010	1.0
Q9VZY2	GO:0003674	1.0
Q9VZY2	GO:0008150	1.0
Q9VZY2	GO:0005575	1.0
Q8H0X6	GO:0004869	1.0
Q9NHV9	GO:0005085	1.0
Q9NHV9	GO:0005515	1.0
M9PFM0	GO:0003674	1.0
M9PFM0	GO:0008150	1.0
M9PFM0	GO:0005575	1.0
Q6IGX9	GO:0003674	1.0
Q6IGX9	GO:0008150	1.0
Q6IGX9	GO:0005575	1.0
P0CAX5	GO:0005515	1.0
P0CAX5	GO:0005096	1.0
P0CAX5	GO:0007165	1.0
P0CAX5	GO:0005737	1.0
P37209	GO:0042030	1.0
P37209	GO:0032780	1.0
P37209	GO:0005739	1.0
A7XY94	GO:0006811	1.0
A7XY94	GO:0016020	1.0
A7XY94	GO:0015276	1.0
A7XY94	GO:0038023	1.0
A7XY94	GO:0005216	1.0
P40960	GO:0005515	1.0
Q9TW27	GO:0003674	1.0
Q9TW27	GO:0008150	1.0
Q9TW27	GO:0005575	1.0
P07713	GO:0008083	1.0
P07713	GO:0005576	1.0
Q04195	GO:0008270	1.0
Q8R499	GO:0051028	1.0
Q8R499	GO:0005737	1.0
Q8R499	GO:0003676	1.0
Q8R499	GO:0005634	1.0
Q8R499	GO:0005515	1.0
Q8R499	GO:0006406	1.0
Q8R499	GO:0003723	1.0
Q64105	GO:0004757	1.0
Q64105	GO:0006729	1.0
Q12329	GO:0003674	1.0
Q12329	GO:0008150	1.0
Q12329	GO:0005575	1.0
Q24533	GO:0003674	1.0
Q24533	GO:0008150	1.0
Q24533	GO:0005575	1.0
P0ABL1	GO:0006807	1.0
P0ABL1	GO:0042597	1.0
P0ABL1	GO:0020037	1.0
P43672	GO:0016887	1.0
P43672	GO:0005524	1.0
P43672	GO:0003677	1.0
P43672	GO:0006281	1.0
Q6FXI1	GO:0005524	1.0
Q6FXI1	GO:0006468	1.0
Q6FXI1	GO:0004672	1.0
Q6FXI1	GO:0005515	1.0
Q8QZS5	GO:0003674	1.0
Q8QZS5	GO:0008150	1.0
Q8QZS5	GO:0005575	1.0
Q9U1H5	GO:0006355	1.0
Q9VW97	GO:0016491	1.0
Q9VW97	GO:0050660	1.0
Q9VW97	GO:0006355	1.0
Q9VW97	GO:0005634	1.0
Q9VW97	GO:0005515	1.0
Q9VW97	GO:0034720	1.0
P0AF16	GO:0003674	1.0
P0AF16	GO:0008150	1.0
P0AF16	GO:0005575	1.0
P0DJ26	GO:0015629	1.0
P0DJ26	GO:0003779	1.0
P0DJ26	GO:0030042	1.0
Q9H0H3	GO:0005515	1.0
O61460	GO:0005524	1.0
O61460	GO:0005515	1.0
O61460	GO:0004672	1.0
O61460	GO:0006468	1.0
P43275	GO:0006334	1.0
P43275	GO:0003677	1.0
P43275	GO:0030527	1.0
P43275	GO:0000786	1.0
Q8W112	GO:0004553	1.0
Q8W112	GO:0005975	1.0
P35952	GO:0005509	1.0
P35952	GO:0005515	1.0
Q9FJV0	GO:0005524	1.0
Q9FJV0	GO:0006468	1.0
Q9FJV0	GO:0004672	1.0
Q8R4P5	GO:0005886	1.0
Q8R4P5	GO:0016020	1.0
P40240	GO:0016020	1.0
Q9VQE3	GO:0005524	1.0
Q9VQE3	GO:0006468	1.0
Q9VQE3	GO:0004672	1.0
P47147	GO:0016311	1.0
Q99188	GO:0003674	1.0
Q99188	GO:0008150	1.0
Q99188	GO:0005575	1.0
Q7KPF5	GO:0003674	1.0
Q7KPF5	GO:0008150	1.0
Q7KPF5	GO:0005575	1.0
Q99607	GO:0003700	1.0
Q99607	GO:0006357	1.0
Q99607	GO:0006355	1.0
Q99607	GO:0043565	1.0
Q385C5	GO:0003674	1.0
Q385C5	GO:0008150	1.0
Q385C5	GO:0005575	1.0
P05155	GO:0004867	1.0
P05155	GO:0005615	1.0
Q2V2Q1	GO:0003674	1.0
Q2V2Q1	GO:0008150	1.0
Q2V2Q1	GO:0005575	1.0
P27449	GO:0033177	1.0
P27449	GO:1902600	1.0
P27449	GO:0046961	1.0
P27449	GO:0033179	1.0
P27449	GO:0015078	1.0
P0AA43	GO:0009451	1.0
P0AA43	GO:0009982	1.0
P0AA43	GO:0001522	1.0
P0AA43	GO:0016866	1.0
P0AA43	GO:0003723	1.0
P51842	GO:0005524	1.0
P51842	GO:0004383	1.0
P51842	GO:0004672	1.0
P51842	GO:0035556	1.0
P51842	GO:0009190	1.0
P51842	GO:0006468	1.0
P51842	GO:0006182	1.0
P51842	GO:0016849	1.0
P09922	GO:0005525	1.0
P09922	GO:0003924	1.0
P06340	GO:0042613	1.0
P06340	GO:0019882	1.0
P06340	GO:0016020	1.0
P06340	GO:0006955	1.0
P30511	GO:0003674	1.0
P30511	GO:0008150	1.0
P30511	GO:0005575	1.0
A0A7G6KN55	GO:0006952	1.0
A0A7G6KN55	GO:0005576	1.0
Q91WJ8	GO:0003676	1.0
Q91WJ8	GO:0006355	1.0
Q91WJ8	GO:0003723	1.0
Q8GUI6	GO:0005634	1.0
P0A9F3	GO:0003700	1.0
P0A9F3	GO:0006355	1.0
Q99297	GO:0140021	1.0
Q99297	GO:0005471	1.0
Q99297	GO:1990544	1.0
Q99297	GO:0055085	1.0
Q99297	GO:0005743	1.0
Q9UT45	GO:0030246	1.0
Q9UT45	GO:0052861	1.0
Q8R2E9	GO:0015035	1.0
Q8R2E9	GO:0005783	1.0
Q8R2E9	GO:0034975	1.0
Q8R2E9	GO:0071949	1.0
Q8R2E9	GO:0016972	1.0
P40848	GO:0006139	1.0
P40848	GO:0003676	1.0
P40848	GO:0005634	1.0
P40848	GO:0004534	1.0
P40848	GO:0004527	1.0
Q20709	GO:0003674	1.0
Q20709	GO:0008150	1.0
Q20709	GO:0005575	1.0
P36599	GO:0008081	1.0
P36599	GO:0006198	1.0
P36599	GO:0004115	1.0
Q09177	GO:0006351	1.0
Q09177	GO:0003677	1.0
Q09177	GO:0046983	1.0
Q09177	GO:0003899	1.0
P20490	GO:0016020	1.0
P27814	GO:0003674	1.0
P27814	GO:0008150	1.0
P27814	GO:0005575	1.0
P9WPA7	GO:0004594	1.0
P9WPA7	GO:0015937	1.0
P9WPA7	GO:0005524	1.0
P9WPA7	GO:0016301	1.0
P13504	GO:0004908	1.0
P13504	GO:0007165	1.0
P13504	GO:0004909	1.0
P70062	GO:0016055	1.0
Q80TN5	GO:0016409	1.0
Q80TN5	GO:0005515	1.0
Q9V2V6	GO:0019773	1.0
Q9V2V6	GO:0004298	1.0
Q9V2V6	GO:0051603	1.0
Q9V2V6	GO:0006511	1.0
Q9V2V6	GO:0005839	1.0
